id,SMILES,Tm,token_count
2175,FC1=C(F)C(F)(F)C1(F)F,213.15,21
1222,c1ccc2c(c1)ccc3Nc4ccccc4c23,407.15,27
2994,CCN1C(C)=Nc2ccccc12,324.15,19
1704,CC#CC(=O)O,351.15,10
2526,CCCCC(S)C,126.15,9
3230,O=N(=O)c1cccc(c1)C(C)(C)C,275.15,25
2906,CCCCCCCCCCCCCCCCCCCCC1CCCCC1,321.65,28
2305,CCCOC(=O)CCC(=O)OCCC,267.25,20
1133,c1ccc2c(c1)Sc3ccccc23,370.15,21
2250,OCCOC(=O)C=C,213.0,12
1387,ClCCC(F)(F)F,166.65,11
2218,O=C1CCCCC1=O,313.15,12
3051,CCOC(=O)c1ccc2OCOc2c1,291.65,21
1261,OC(O)C(Cl)(Cl)Cl,330.15,13
698,BrCCC,163.15,4
912,CCCCCC=CC,193.15,9
386,COc1ccccc1NC(=O)C,360.65,17
2299,CCOC(=O)c1cccc(N)c1,422.65,19
2236,N#Cc1c(F)c(F)c(F)c(F)c1F,275.55,24
2396,C=CCCCCCCCCCCCC,261.15,15
258,c1ccc2c(c1)ccc3ccccc23,372.35,22
2869,Brc1ccc(cc1)C(=O)c2ccc(Br)cc2,450.15,27
2307,C=COC(C)(C)C,161.15,12
474,CCOC(=O)C(C)C,184.95,13
1894,CCOC(=S)C(=S)OCC,300.15,16
430,Nc1ccc(N)c(C)c1,337.15,15
3300,C1CCC(CC1)CCCCCC2CCCCC2,259.55,23
2732,Clc1ccc(cc1)C(C)C,260.85,16
3193,CCCCCC(C)CCC,174.15,12
1035,CN1CCCC1,183.15,8
2234,N1CCC(CC1)c2ccccc2,333.65,18
169,OC(c1ccccc1)(c2ccccc2)c3ccccc3,437.35,30
1854,Clc1ccc2ccccc2n1,311.15,15
993,ClCCOP(=O)(OCCCl)OCCCl,238.15,19
2003,Sc1ccccc1S,300.15,10
702,C=CC=C,164.25,6
1084,OCCC(C)C,155.95,8
625,CCCCCCCCCc1ccc(O)cc1,315.15,20
1053,Oc1ccc(cc1)Nc2ccccc2,346.15,20
3129,CCCCCCCC(C)CC,180.25,13
995,FC(F)=C(F)F,130.65,11
694,CCOCCOC(=O)C=C,226.15,14
431,Oc1ccc(O)c(C)c1,401.15,15
3109,Cl[Si](Cl)Cl,146.65,6
713,C=CCN,184.95,5
2152,O=C(N)C(Cl)Cl,372.55,11
1649,Cc1cc2ccccc2cc1C,378.15,16
147,O=C(O)C(Cl)(Cl)C,268.15,14
975,OCCCCCCCCCCCCCC,312.65,15
136,BrC(Br)C(F)F,211.85,10
1791,Cc1cc(C)c(N(=O)=O)c(C)c1,317.15,24
1064,CCOc1ccc(OCC)cc1,345.15,16
3092,Cc1cccc2ncccc12,292.15,15
1285,Fc1ccc(cc1)N(=O)=O,294.15,18
2584,CCCC#CCCC,172.15,9
1104,C=CCCCCCCC,191.85,10
2903,Cc1ccc(cc1C)c2ccccc2,302.65,20
394,O=CN(C)c1ccccc1,287.65,15
1108,CCCCCCCCCC,243.45,10
1456,O1COCCC1,228.15,8
1141,O=Cc1ccccc1OC,310.65,13
2252,C=CC=CC=C,261.15,9
1960,O=Cc1ccc(C=O)cc1,390.15,16
1049,O=N(=O)c1cccc(c1)C(=O)Cl,309.15,23
1045,Cc1cccc(c1)N(C)C,258.15,16
2902,Cc1ccc(O)c(c1)C(C)C,309.65,19
2944,CC=CCCC=CC,197.15,10
1374,O=C(O)c1cccc(c1)C(F)(F)F,378.65,24
2921,CCO[Si](Cl)(OCC)OCC,222.15,15
3279,CCc1cc(C)nc(C)c1,370.15,16
2803,Clc1cccc(O)c1C,359.15,13
487,O=S(=O)(Cl)c1ccccc1,287.65,18
1231,c1ccc2c(n1)ccc3cccnc23,351.15,22
2899,Cc1cc(Cl)c2ccccc2n1,315.65,18
1429,c1ccc2CCOc2c1,251.65,13
1041,COP(OC)OC,195.15,9
1744,CC1CC1,95.85,6
3071,Cc1cnc2ccccc2n1,453.65,15
2892,CCC(Cl)(Cl)C,199.15,10
890,CCOCCOC(=O)C,211.45,12
3323,CCC(CC)COCCC(=O)O,305.65,17
2474,O=CF,130.95,4
764,Cc1cccc(C)c1,225.35,12
781,Nc1cc(C)cc(C)c1,282.95,15
1465,BrC(C)(C)C,256.95,9
1678,CCOc1ccc(Br)cc1,277.15,14
3133,CCNCCCC,195.15,7
1869,O=Cc1cc(C)ccc1O,329.15,15
2057,C1=CC=CC=CC=C1,268.45,14
796,Oc1ccccc1,314.05,9
1499,C=C(c1ccccc1)c2ccccc2,281.35,21
49,O=C(N)c1ccccc1O,415.15,15
2239,CC(C)(c1ccccc1)c2ccccc2,302.15,23
1861,CCCCN(CCCC)c1ccccc1,240.95,19
2872,C=CCCC(=C)C,144.35,11
997,O=C(C(Cl)(Cl)Cl)C(Cl)(Cl)Cl,271.15,21
2913,BrCCCCCCCBr,314.85,9
1012,O=C(c1ccccc1)c2ccccc2,320.95,21
3065,C#CCC(C)C,168.55,9
3078,Cc1ccc(cc1)c2cccc(C)c2,287.65,22
464,S=C1NCCN1,476.15,9
618,CC(C)CC(=O)CC(C)C,227.15,17
1101,CCCCCCCC(=O)O,512.15,13
532,Nc1ccc(cc1)N(=O)=O,420.15,18
1117,O=S1(=O)CCCC1,300.75,13
1336,O=N(=O)c1ccccc1C(F)(F)F,305.65,23
1121,ON=C(C)C,334.15,8
1930,ClCC(=O)Oc1ccccc1,317.65,16
2753,Brc1c(Br)c(Br)c(Br)c(C)c1C,535.15,22
789,CC1CCCCC1,146.55,9
1034,O=C1CCCC1,221.85,9
3287,COc1c(Cl)ccc(Cl)c1Cl,318.15,17
2215,OC(C)C1CC1,241.05,10
867,CNCCCC,198.15,6
539,CC(C)c1ccc(cc1)C(C)C,256.15,20
154,O=N(=O)C(Cl)(Cl)Cl,209.15,15
110,ClC(Cl)F,138.15,6
3324,Clc1ccccc1CN2OCC(C)(C)C2=O,298.15,25
2496,ClC(F)(F)C(Cl)(Cl)C(F)(F)F,268.85,23
2077,OCCCCCCCCCCCCCCCCCCCC,339.25,21
2836,CC(C)C1CC1,160.25,10
1689,Brc1ccc(I)cc1,365.15,12
1453,Nc1ncccc1,330.65,9
3202,ClC(Cl)[Si](Cl)(C)C,225.15,13
2685,CCCOC(=O)c1ccccc1,221.55,17
587,O=C(Cc1ccccc1)Cc2ccccc2,308.15,23
2350,CCC=Cc1ccccc1,230.05,13
462,OC1CCCC1,254.15,8
403,C=CCc1ccc2OCOc2c1,284.35,17
1097,CCCCCCC(O)C,311.75,11
1510,CC1=NCCN1,380.15,9
958,OCCCCCCCCCCC,292.15,12
2163,C#CCCCC,141.25,7
1306,FC(F)(F)C(Cl)(F)C(Cl)(F)C(F)(F)F,205.15,30
3110,Cl[Si](Cl)(Cl)Cl,203.15,9
3113,CCCCCCCCCCC(O)C,292.15,15
2284,OCc1ccc(Cl)cc1,348.15,13
2751,Cc1cccc2CCCCc12,250.15,15
1208,COc1ccc(O)cc1,330.15,13
331,O=C1CCCCC1C2CCCCC2,241.15,18
2427,SCCCCS,219.25,6
267,O=N(=O)c1cccc2ccccc12,334.15,21
2110,Clc1ccc(I)cc1,330.15,12
426,Oc1ccc(C)c(C)c1,333.95,15
2996,O=C(C)Nc1cnccc1,406.15,15
2521,CC1CCCC(C)C1C,206.25,13
1690,CC1CCC(C)CC1,186.15,12
1646,CCc1cccc(CC)c1N,276.65,15
2162,C=CCCCCCCCCC(=O)OCC,235.15,19
2613,Clc1cccc(c1)c2cccc(Cl)c2,302.15,22
1575,CC(C)O[Si](OC(C)C)(OC(C)C)OC(C)C,293.15,29
314,BrCc1ccccc1C,294.15,11
167,O=C(C)OC1CC2CCC1(C)C2(C)C,302.15,25
1890,Cc1ccc(N)c(Cl)c1,280.15,15
413,Brc1ccccc1C,245.35,10
2440,Cc1ccc(cc1)C(=C)C,253.15,17
1697,CCCC(C)(C)C,149.35,11
2094,COc1cccc(OC)c1OC,321.65,16
393,COC(=O)c1cnccc1,315.65,15
1391,NCCCCCN,282.15,7
1819,O=N(=O)C1=CC=CS1,319.65,16
2348,CC1CC(C)S(=O)(=O)C1,270.15,19
629,O=CCCc1ccccc1,320.15,13
121,ClC(Cl)(Cl)Br,267.45,9
1068,CCCCCCCCCCCCc1ccccc1,276.15,20
594,CCCN(CCC)CCC,179.65,12
1731,C=CCCCCC,153.45,8
3291,CC1(C)CCC(C)(C)C1,184.75,17
2260,O=N(=O)C1=CSC=C1,351.65,16
2908,CCCCCCCCCCCCCCCCCCc1ccccc1,302.15,26
3276,C1CCc2ccncc2C1,419.65,14
348,Cc1ccc2ccccc2c1,307.55,15
1010,COC(=O)c1ccccc1O,265.15,16
2845,CCCCCC1CCCC1,190.15,12
2790,O=C(C)C(C)(C)C(=O)C,292.15,19
630,OCC=Cc1ccccc1,306.15,13
1136,Nc1cccc2ccccc12,322.35,15
211,CCC(=O)N,354.45,8
3145,CC1CCC(C(C)C)C(=O)C1,267.15,20
1772,COC(=O)N,327.15,8
639,O=Cc1ccc(C)cc1,267.15,14
3089,CC(C=Cc1ccccc1)c2ccccc2,320.65,23
1196,OCCOCCOCCOCCCC,243.15,14
1113,ClC(Br)Br,253.15,6
2772,N#CCc1ccc(C)cc1,291.15,15
2173,CC(C)c1ccncc1,218.25,13
2141,N#CC(C#N)=C(C#N)C#N,472.15,19
2524,CCCCC1CCCCC1,198.45,12
3122,CC(C)CS(=O)(=O)CC(C)C,290.15,21
849,CCCCCCCCCC(=O)OC,497.15,16
1470,O=C(O)C12C3CC(CC13)C2(C)C,424.45,25
437,Oc1ccc(Cl)c(Cl)c1,341.15,15
3220,Cc1cc(Cl)c(Cl)c(Cl)c1,318.65,18
777,ClCC(C)OC(C)CCl,176.15,13
542,O=N(=O)c1ccc(cc1)N(=O)=O,447.15,24
3156,CCCCCc1ccc(O)cc1,296.15,16
3157,CCCC(C)C(O)CC,150.15,13
1831,Clc1ccc(N(=O)=O)c(Cl)c1,307.15,21
961,CCCCOCCOCCCC,204.05,12
2324,CCc1cc(C)cc(C)c1,188.85,16
1315,FC(F)C(F)F,184.15,10
2697,CCOP(=O)(OCC)N(C)C,281.45,18
1621,ClCC(Cl)C(=O)O,323.15,12
1347,N#CO,187.15,4
881,N1CCCCC1,262.12,8
1452,Nc1ccncc1,431.65,9
2128,ClP(Cl)c1ccccc1,222.15,13
373,Brc1ccc(cc1)c2ccc(Br)cc2,437.15,22
2528,CCC(S)(C)C,169.15,10
1005,Clc1c(Cl)c(Cl)c(Cl)c(Cl)c1Cl,504.95,22
2069,C#CCCCCCCCCCCCCCC,288.15,17
1015,O=C1CCc2ccccc2O1,298.15,16
1974,Ic1ccc(C)cc1,309.65,12
2266,Cc1ccc2cccc(O)c2n1,346.95,18
2737,ClC(Cl)C(=O)c1ccccc1,293.65,18
2270,C1CCC(CC1)c2ccccc2,280.45,18
409,CCCC(O)C(CO)CC,233.15,14
1637,Cc1cc(C)c(Br)c(C)c1,272.15,18
2271,Clc1ccc(cc1)Cc2ccccc2,280.65,20
2061,O=COCCCCCC,210.55,10
2386,O=C(C)N(C)C(=O)C,248.15,16
3116,Oc1ccc(C)c(C)c1Cl,300.15,16
378,O=C=Nc1ccc(cc1)c2ccccc2,329.15,23
1032,Clc1ccc(Cl)c(Cl)c1,290.15,15
2815,C=CC(C)(C)CC,138.85,12
2712,CC1=CCC(CC1)C(O)(C)C,313.65,20
3209,O=C1Nc2ccccc2C1(C)C,427.45,19
1997,CC1=CC=C(C)N1,280.85,13
1019,O=Cc1ccc(OC)c(OC)c1,316.15,19
844,CN(C)CCN(C)C,218.15,12
141,O=CC(Cl)(Cl)Cl,215.65,11
2292,Clc1c(Cl)c(Cl)c(Cl)c(Cl)c1C,497.95,22
2816,COc1ccc(cc1)C(=O)N,439.65,18
2392,COC(=O)CCCC(=O)OC,230.65,17
1980,ICCI,356.15,4
899,C=COCCCC,181.15,8
1584,n1ccc(cc1)c2ccncc2,384.15,18
734,C[Si](C)(C)O[Si](C)(C)O[Si](C)(C)C,193.15,25
196,O=CC(=C)C,192.15,9
557,SCc1ccccc1,243.15,10
2627,CCN(CC)c1ccc(Br)cc1,311.15,18
484,CC(C)(C)c1ccccc1,215.35,16
344,c1ccc2cccnc2c1,258.37,14
661,Cc1ccc(O)c(C)c1,297.65,15
3206,CC=CC(C)C(C)C=CC,208.35,16
3235,ClCC(Cl)(Cl)C(Cl)(Cl)Cl,299.15,17
3118,O1CCN(CC1)Cc2ccccc2,467.15,19
919,C1=CCCC=CCC1,216.75,12
2891,CCCCCCCOC(=O)CCCCCCC,262.55,20
1724,C=CCCCC,133.45,7
1291,CCSCC,169.25,5
2014,CN1CCCCC1,255.05,9
1054,c1ccc(cc1)Nc2ccccc2,326.05,19
1518,CCc1cnccc1,196.25,10
1793,CCc1c(CC)c(CC)c(CC)c(CC)c1CC,402.15,28
2177,Clc1cc(Cl)c(N)c(Br)c1,356.65,18
1408,O=Cc1c(C)cc(C)cc1C,287.15,18
3100,Nc1ccc(C)c(Br)c1,299.15,15
2577,N#Cc1ccccc1N,324.15,12
711,ICCC,171.85,4
2491,C=CCCCC(=O)O,236.15,12
1834,ClCc1ccccc1Cl,256.15,11
2186,CN(C)c1ccccc1N(C)C,282.05,18
377,c1ccc(cc1)c2ccc(cc2)c3ccccc3,483.25,28
1763,CCS(=O)(=O)CC,346.65,13
2075,ICCCCCCCCCCCCCCCCCC,307.15,19
2325,CCc1ccc(C)c(C)c1,206.25,16
2706,Cc1cnc2ccccc2c1C,346.65,16
1676,OCc1cccc(C)c1,253.15,13
2800,CC(C)c1cccc(C)c1O,258.65,17
250,O=C1CCc2ccccc12,315.15,15
2989,O=C(O)C(Cl)Br,304.65,11
3032,CCCc1cccc(CCC)c1O,300.15,17
801,CC1NCCCC1,268.55,9
994,OCC(=O)C,256.15,8
1505,O=C(NNc1ccccc1)c2ccccc2,441.15,23
2419,Clc1ccc(cc1)S(=O)(=O)Sc2ccccc2,186.35,29
2958,C1CCc2c(C1)ccc3CCCCc23,289.85,22
2936,O=C1CCCC1C2CCCC2,260.15,16
1882,Brc1ccccc1N,305.15,10
2575,ClCC(=C)CCl,259.15,9
786,O=C(C)OC(C)CC(C)C,209.15,17
2984,Brc1cc(C)c(C)cc1C,346.15,16
738,CCCC(C)C,119.45,8
1961,CCOC(=O)CN,419.15,10
1176,CCc1cccc(CC)c1,189.25,14
955,CCCCCCCCCCCCCCCC(=O)OC,611.0,22
1056,CCOP(OCC)OCC,193.15,12
2437,O=S(C)c1ccccc1,305.15,14
351,Sc1ccc2ccccc2c1,354.15,15
3073,NCCCCCCCCCCC,290.15,12
2552,Cc1ccc2N=C(C)Nc2c1,476.15,18
89,SCC,125.35,3
74,IC,206.75,2
1063,O=C(C)Nc1ccc(N)cc1,439.65,18
2729,CCC1CCC(C)C1,165.15,12
878,N1CCNCC1,379.15,8
186,BrCC(Br)C,217.95,7
2165,CCCCCOCCCCC,204.15,11
3041,C=CCCCCCCCCCCCCCCC,284.65,18
1598,C=CCOCC=C,267.15,9
435,Cc1ccc(Cl)c(Cl)c1,257.95,15
3101,CCCCCCC(=O)OCCC,209.65,15
1644,COc1ccccc1C,239.05,11
3328,CSC(=O)c1cccc2N=NSc12,406.05,21
3293,CCOc1cc(Cl)c(N)c(Cl)c1,319.15,20
2113,CC1=CC=C(C)S1,210.55,13
2976,O=C(c1ccccc1)c2cnccc2,311.15,21
2798,O=N(=O)c1cccc(Cl)c1Cl,334.65,19
2773,N#Cc1ccnc2ccccc12,376.65,17
1728,CCC=CCC,183.15,7
545,BrCc1ccccc1,270.15,10
2233,C1CCC(=CC1)c2ccccc2,262.15,19
1191,OCCCCCCCCC,268.15,10
2174,COc1ccc(I)cc1,326.15,13
216,C=CC(=O)O,286.65,9
1918,Cc1cc(cc(c1)N(=O)=O)N(=O)=O,366.15,27
305,Cc1ccc(Cl)c(c1)N(=O)=O,280.15,21
2693,C#CCCCC#C,188.15,9
199,ClCC(=C)Cl,283.15,8
242,CC1=CCC2CC1C2(C)C,209.15,17
1911,NCC1=CC=CO1,203.15,11
1909,CCC(CC)CC,154.55,9
1150,Clc1cc(Cl)c(O)cc1O,386.15,16
561,CNc1ccccc1,216.15,10
1515,OCc1ccc(cc1)C(C)C,301.15,17
864,OCC#CCO,323.15,7
2554,CC1=CSC(C)=C1C,246.95,14
117,Cl[Si](Cl)C,180.15,6
507,Oc1cccc(c1)N(C)C,359.15,16
588,O=C(Nc1ccccc1)Nc2ccccc2,512.15,23
2121,CCCCCCCCCCCCCCCCCCCCCCC,320.75,23
2920,C1CCC(CC1)OC2CCCCC2,237.15,19
1495,N#Cc1ccccc1C,259.65,12
1464,O=C(S)C,256.15,7
1771,COC(C)C,127.93,7
1376,COc1cccc(F)c1,238.15,13
95,C1CC1,145.75,5
2791,CCCCCC(=O)c1ccc(O)cc1O,330.15,22
1237,c1ccc2Cc3ccccc3Sc2c1,401.65,20
2822,C=Cc1ccc(CC)cc1,223.45,15
2058,ICCCCCCCC,227.45,9
2886,Clc1ccc2cccc(C)c2n1,334.15,18
1307,FC(F)(F)C(F)(F)C(F)(F)C(F)(F)F,144.95,30
1161,CCOC(=O)C=C,201.95,11
2993,O=C1CC2CCCCC2C1,283.15,15
1491,Cc1cc(C)c(O)c(C)c1,346.15,18
1013,C1CCc2ccccc2C1,237.45,14
1781,CCC(Cl)C(Cl)C,195.85,11
2478,CCC(c1ccccc1)c2ccccc2,286.45,21
253,O=N(=O)c1cccc(Cl)c1C,310.95,19
1314,OCC(F)F,244.95,7
533,Oc1ccc(cc1)N(=O)=O,386.95,18
3039,C=C(C)CCC=C(C)C,203.15,15
2160,CCC=CC(C)C,131.55,10
1939,CCOc1cccc(c1)N(=O)=O,309.15,20
1214,O=Nc1ccc(cc1)Nc2ccccc2,416.15,22
2278,CCCCCCCC(C)C,198.55,12
3031,N#Cc1ccccc1OC,297.65,13
1204,OCC(O)C(O)CO,394.65,12
3232,COC(=O)c1ccc(C)cc1C,271.15,19
3111,CCOc1ccc(C=O)cc1,286.65,16
716,NCCN,284.25,4
3267,O=C1CCC=C(C)C1,252.15,14
3084,Cc1ccc2CC(C)CCc2c1,293.15,18
274,Nc1cccc(C)c1C,275.65,13
2874,C1CCN(CC1)c2ccccc2,277.85,18
2910,CCCC(CC)c1ccccc1,217.75,16
2717,COC(=O)c1ccc2ccccc2c1,350.15,21
2229,CN(C)c1c(C)cccc1C,237.15,17
2187,O=C(C1=CC=CS1)C2=CC=CS2,363.15,23
1927,CCc1cccc(O)c1,269.15,13
3077,CCc1cccc(c1)N(=O)=O,235.25,19
640,O=Cc1ccc(Cl)cc1,320.65,14
2213,NC1CC1,237.75,6
2875,O=C1OC(=O)C(C)C1,307.15,16
973,CCCCCCCCCCCCOC(=O)C,274.45,19
2531,Cc1cccc(c1)C(=O)Cl,250.15,17
1848,C1=CCc2ccccc2C1,298.15,15
266,O=C(O)c1cccc2ccccc12,434.15,20
1030,CC1=Nc2ccccc2S1,287.15,15
2705,CN(C)c1ccc2ccccc2c1,325.65,19
1263,ClC(Cl)C(F)(F)F,166.15,13
1774,CON(=O)=O,190.65,9
466,CN1C=CC=C1,216.15,10
149,ClC(Cl)C(Cl)(Cl)Cl,244.15,13
1962,CCCC(=O)OC,187.35,10
2771,COc1cccc(C)c1C,302.15,14
1865,N#Cc1ccc2ccccc2c1,339.15,17
3216,OCCc1ccccc1C,275.15,12
1074,O=Cc1ccc(OC)cc1,273.15,15
3243,Clc1cc(Cl)cc(C)c1,299.15,15
142,ClCC(F)(F)F,167.65,10
2986,CCC(C)c1cccc(C(C)CC)c1O,231.15,23
1496,O=Cc1ccccc1C,238.15,12
362,O=C1C=Cc2cc(C)ccc2O1,349.65,20
2842,O=C(O)C1CCC1,271.15,12
847,CCCCCCCCOC(=O)CCC,217.55,17
185,BrCC(Br)Br,243.85,7
3104,O=S(F)F,143.65,7
102,IC(C)C,183.15,6
1227,c1ccc2cc3c4ccccc4c5ccccc5c3cc2c1,479.15,32
1807,Oc1cccc(O)c1C,393.15,13
1984,OCCC(C)(C)C,213.15,11
879,n1ccccc1,231.55,8
2784,CCCCC(C)C(C)C,157.15,13
3233,CCCCCC(O)CCCCC,298.15,14
1703,O=CCC(C)C,222.15,9
16,OCC(O)CO,291.35,8
1011,O=C(c1ccccc1)C(O)c2ccccc2,410.15,25
604,c1ccc(cc1)C=Cc2ccccc2,396.15,21
641,CCc1cnc(C)cc1,202.25,13
2775,CCOC(=O)c1ccc2ccccc2c1,305.15,22
1799,COC(=O)c1ccccc1N(=O)=O,260.15,22
2893,ICCCCCCC,224.95,8
1708,Brc1cccc(O)c1,306.15,12
903,ClCCOCCCl,221.25,7
978,BrCCCCCCCCCCCCCCCC,291.15,17
2574,BrC(Br)F,195.15,6
1319,Fc1ccccc1F,239.15,10
1340,Brc1cccc(c1)C(F)(F)F,274.15,19
2070,CCCCCCCCCCCCCCCCC,295.15,17
1205,CCCCC(CC)C(=O)O,214.15,15
297,O=N(=O)c1ccccc1C,263.15,16
1492,O=C(Cl)C1=CC=CO1,271.15,15
1393,FCCCCCCCCC,274.15,10
2172,CC(C)C1CCCCC1,183.75,13
2647,CC=C1CCCC1,143.65,10
1917,Oc1cccc(c1)C(C)C,299.15,16
2004,ClCc1cccc(CCl)c1,307.35,14
2192,CC(C)c1cc(cc(c1)C(C)C)C(C)C,265.75,27
1060,c1ccc(cc1)NNc2ccccc2,404.15,20
2780,OOCC,173.15,4
3038,O=C(O)C1CC=C(C)C1(C)C,313.65,21
972,CCCCCC=CCC=CCCCCCCCC(=O)OC,639.0,26
1493,CC(C)c1ccccc1C,201.65,14
2925,Cc1ccc(C(C)C)c(C)c1,191.15,19
697,BrCCBr,283.05,4
2835,O=C(C)c1ccc(C)c(C)c1,270.15,20
680,Clc1ccc(Cl)cc1,325.85,12
57,ClC(Cl)Cl,209.55,6
1766,CCCS(=O)(=O)CCC,302.65,15
659,OCCN(C)CCO,252.15,10
814,CCCCC,143.45,5
2150,CO[Si](OC)(OC)OC,271.15,13
2382,CCCCCCCCCc1ccccc1,249.15,17
1390,CCCCCCC(=O)CCCCCC,306.15,17
1061,O=CCc1ccccc1,306.65,12
2127,CCCc1ccccc1O,280.15,12
2063,CCCCCCCCCCCCCC,278.95,14
1461,CCCCCCCCCCCCCCCCC(=O)O,635.15,22
1722,CC(C)CCC(C)C,182.15,12
1497,Oc1cccc2CCCCc12,343.15,15
3266,CCCCC(C)C(O)C,159.15,13
1504,Nc1ccc(N=Nc2ccccc2)c(N)c1,391.65,25
956,CCCCCCCCCCCC,263.55,12
1751,CCC(N)(C)C,168.15,10
1158,O=C(O)C=Cc1ccccc1,406.15,17
1406,OCC1CCCN2CCCCC12,343.15,16
3072,CC(C)OC(=O)C=CC(=O)OC(C)C,275.25,25
3214,CCC(CC)C(=C)C,160.25,13
2692,COc1ccc(cc1)N=Nc2ccccc2,329.15,23
3148,Cc1ccnc(C)n1,269.15,12
727,C=C(C)CC(C)(C)C,179.65,15
743,CC=CC(=O)O,345.15,10
2436,Clc1ccc(Br)c(Cl)c1,299.15,15
3171,ClC=CC,138.35,5
3211,Clc1ccc(Cl)c(C)c1,278.15,15
478,CC(C)COC(=O)C(C)C,192.45,17
1078,Nc1ccc(O)cc1,460.65,12
2115,CCCCCCCC(=O)OCCCCC,238.35,18
3153,CCCCCCCCCCCCCCCCCc1ccccc1,305.15,25
854,BrCCCCC,178.15,6
2938,CCCCCCCCOC(=O)CCCCC,245.15,19
2032,CCCCCC(=O)N,374.15,11
371,c1ccc2Sc3ccccc3Nc2c1,460.65,20
3052,N#Cc1cccc(Br)c1,312.65,14
945,OCCOCCOCCO,266.15,10
2625,Brc1ccc2CCc3cccc1c23,325.15,19
609,BrCCc1ccccc1,207.45,11
1607,CCC(C)(C)C(C)C,172.25,14
2087,ClCC(Cl)(Cl)Cl,202.95,10
3147,O=C(O)C(C)C(C)C,271.65,15
2679,O=C(O)C(Cl)=C(Cl)Cl,349.15,16
1663,Clc1ccc(Cl)c(O)c1,332.15,15
2405,O=C(C)OC1CCCC1,286.65,14
2358,CCC(CC)(CC)CC,240.05,13
1780,Cc1ccc(cc1)S(=O)(=O)c2ccc(C)cc2,432.15,31
2533,O=N(=O)OC(C)C,190.81,13
153,O=C(O)C(F)(F)F,257.95,14
1753,CC(C)C(O)(C)C,259.15,13
880,O1COCOC1,333.35,8
465,O=C1OCCO1,312.65,9
1123,O=C(C)N(C)C,253.15,11
3019,CCOC(=O)C(C(=O)OCC)C(=O)OCC,302.15,27
2101,Clc1cccc2ncccc12,318.15,15
1949,CCCOc1ccccc1,246.15,12
1252,n1ccncc1,328.15,8
946,BrCCCCCCCCCC,243.95,11
2296,c1ccc(cc1)C2=Nc3ccccc3S2,388.15,24
456,ClCC(O)CCl,269.15,8
1139,O=C(c1ccccc1)C2=CC=CS2,329.65,22
301,CCC(C)c1cc(cc(N(=O)=O)c1O)N(=O)=O,313.15,33
3055,CCCCCCCOC(=O)CCCCC,238.75,18
1783,CC(C)C(O)C(C)C,203.15,14
2023,C#CCCC,183.15,6
2947,Cc1ncccn1,269.15,9
943,OCCOCCCCCC,228.05,10
2566,CCCC(=O)C(=O)O,279.65,14
2310,CCCCN(C)C,213.15,9
2040,O=C(C)OCCCCOC(=O)C,285.15,18
2548,CC1CCC(C)C1,139.15,11
2015,CCCCCC(=O)OCCC,204.45,14
1377,CCOc1cccc(F)c1,245.65,14
2965,NCCCC(C)C,178.75,9
1442,OC1CCCCCC1,275.15,10
564,COc1ccccc1,235.65,10
1258,O1CC1C2OC2,276.15,10
2754,Oc1c(C)c(C)c(C)c(C)c1C,401.15,22
917,OCCOCCCC,198.35,8
1473,ICC(C)C,180.15,7
1928,N#Cc1cccc(C)c1,250.15,14
1712,CC1=CCCCC1,152.75,10
1494,O=N(=O)c1ccccc1N(=O)=O,391.65,22
2404,O=N(=O)C1CCCCC1,239.15,15
1820,O=C(Cl)c1ccccc1Cl,269.15,15
3244,CC=CCCC,175.15,7
1677,O=Cc1cccc(Cl)c1,290.65,14
2135,O1COCC1,178.15,7
2834,ClC(Cl)(Cl)CC(Cl)(Cl)Cl,246.15,17
2377,Cc1cc2CCCCc2cc1C,283.15,16
170,ClC1=C(Cl)C(Cl)(Cl)C(Cl)=C1Cl,264.15,23
1368,N#Cc1ccccc1C(F)(F)F,291.15,19
2942,Cc1ccc(cc1)Cc2ccc(C)cc2,301.15,23
103,NC(C)C,178.05,6
1805,CCCOC(=O)c1ccccc1O,370.15,18
2235,C1COC(OC1)c2ccccc2,314.15,18
337,NC(c1ccccc1)c2ccccc2,307.15,20
3210,Clc1cccc(Cl)c1Br,338.15,13
2005,O=Cc1cccc(C=O)c1,362.65,16
652,CCOC(=O)CCl,252.15,10
1699,O=C(C)CC(C)(C)C,209.15,15
2066,CCCCCCCSCCCCCCC,343.15,15
2853,ClC(C(Cl)(Cl)Cl)C(Cl)(Cl)Cl,284.15,20
811,CCCOC(=O)C,180.15,10
261,COC(=O)c1ccccc1NC,292.15,17
692,CCCCCC(=O)OC,422.65,12
1790,CCOC(=O)N(c1ccccc1)c2ccccc2,345.15,27
2810,ClCCCOc1ccccc1,285.15,13
1835,Cc1cccc2cccnc12,193.15,15
1905,Cc1cc(cc(c1O)C(C)(C)C)C(C)(C)C,324.15,30
1589,CC1=CC=CS1,209.75,10
3001,ClCC1CC1,182.25,7
599,O=C(Cl)C=Cc1ccccc1,309.15,17
1669,Brc1cccc(c1)N(=O)=O,329.15,18
3121,C#CC=CC=C,192.15,9
2629,CCCCOC(=O)c1ccccc1O,267.25,19
3280,CCCCCCC(O)CCCC,269.65,14
807,CCCCC(=O)O,239.15,10
1437,ClC(Cl)(F)c1ccccc1,246.35,16
1937,COc1cc(OC)cc(OC)c1,327.65,18
2473,C=CC1=CC=CO1,179.15,12
2479,CCCCCCC(c1ccccc1)c2ccccc2,287.15,25
1398,CC12C=CC(CC1)C2(C)C,386.15,19
319,CCc1ccccc1O,291.15,11
2801,BrCC(CBr)(CBr)CBr,436.15,13
1871,N#CC(=O)c1ccccc1,305.65,16
2395,CCCCCCCCCCC,247.55,11
2398,C=C1CCC1,138.45,8
1963,CC=CC(=O)OC,231.15,11
1726,CCCC=CC,175.15,7
269,c1ccc2c(c1)Nc3ccccc23,519.35,21
39,O=C(O)CCCCC1SSCC1,333.65,17
135,BrCC(Cl)(Cl)Br,247.15,10
658,CCOC(=O)OCC,230.15,11
1981,CSCC,167.25,4
2999,Cc1cccc(N=Cc2ccccc2)c1,304.15,22
2193,CCCC(c1ccccc1)c2ccccc2,300.15,22
143,OCC(F)(F)F,229.65,10
671,CCCOC(=O)CC,197.25,11
1353,COS(=O)(=O)F,178.15,12
1044,Oc1cccc(c1)C(=O)C,369.15,17
1110,NCCCCCCCCCCCC,301.45,13
2000,Ic1cccc(C)c1,245.95,12
2820,C=CCCCCCCCCCCCCCCCCCC,301.65,21
1667,CCCC(C)C(C)C,152.0,12
1969,CCCCCCCOC(=O)CCCCCC,240.15,19
1874,CCOC(=O)c1cnccc1,281.65,16
2661,CNc1cccc2ccccc12,447.15,16
2859,COC(=O)c1ccc(O)c(OC)c1,337.15,22
858,NCCCCC,218.15,6
2006,CCCCCCC(=O)OC(=O)CCCCCC,260.75,23
638,N#Cc1ccc(C)cc1,302.65,14
2484,CCCCCCCCCCCCCCCC(C)C,278.85,20
310,CCC(C)c1ccccc1O,289.15,15
1588,Clc1ccc(N)c(Cl)c1,336.65,15
428,Cc1ccc(N)c(C)c1,258.85,15
895,NCCCCCC,250.25,7
1887,Brc1ccc(Br)c(C)c1,278.75,15
1923,O=N(=O)c1cccc(c1)N(C)C,333.65,22
547,CCc1ccccc1,178.25,10
2594,C#CC(O)C,270.15,8
2037,CCOOCC,203.15,6
3258,CCCC(C)c1ccccc1,203.15,15
2824,BrCCCCCCCCCCCCCCCCC,305.15,18
2126,Cc1ccc(cc1)c2ccccc2,322.65,19
2508,ClC=C(Cl)C(Cl)=CCl,269.15,14
2209,C#CCCCCCCCCCC,254.15,13
155,OC(C)(C)C(O)(C)C,316.15,16
2809,O=C(O)C1=CCCc2ccccc12,398.15,21
3241,CCC(=O)C(=C)C,203.65,13
2726,NCCCCCCCCCCCCCCC,310.45,16
3168,CC1=NNC(C)=C1Cl,390.65,14
2199,CCC(=C)CC,141.65,9
3088,ClC#CCl,207.15,5
450,BrCC(Br)CBr,290.05,8
204,NCC(O)C,298.15,7
573,c1ccc(cc1)OP(Oc2ccccc2)Oc3ccccc3,298.15,32
2073,C#CCCCCCCCCCCCCCCCC,295.65,19
1919,COC(=O)c1cccc(I)c1,327.65,18
1812,Nc1cccc(N)c1N,376.15,13
2656,CC1CCCCC1C,223.25,10
514,CC(C)c1cccc(c1)C(C)C,210.05,20
1851,Clc1ccc2ncccc2c1,316.95,15
209,CCC(=O)Cl,179.15,8
1913,O=C(Br)c1ccccc1,249.15,14
235,O=N(=O)C(C)C,181.85,12
2161,FC(F)(F)C#CC(F)(F)F,155.75,19
3247,CCCCCCCCCc1cccc2ccccc12,281.15,23
1889,Oc1ccc(C)c(Cl)c1,328.65,15
2124,Cc1ccccc1c2ccccc2,272.95,17
1326,FCCO,246.75,4
338,OC(c1ccccc1)c2ccccc2,342.15,20
2838,Clc1nccc(C)c1,388.15,12
2787,BrC1=CC(Br)=C(Br)S1,302.15,16
1656,Brc1ccccc1Br,280.25,10
2760,CCc1c(C)cccc1C,256.95,14
99,ClC(Cl)Br,216.15,6
2796,CCCCc1ccccc1O,253.15,13
11,O=C(N)c1ccccc1,402.25,14
1055,O=C(C)Oc1cccc(C)c1,285.15,18
1705,Brc1cccc(C)c1,233.35,12
503,O=C(Cl)c1ccccc1,272.15,14
1692,CCCCCC(O)CC,228.15,11
675,Brc1ccc(O)cc1,339.55,12
1358,ClC=C(Cl)C(F)(F)F,163.95,15
2579,ClC(Cl)=C(Cl)C(Cl)(Cl)Cl,200.25,18
1050,COc1ccc(cc1)C(=O)OC,322.15,19
657,CCOC(C)OCC,173.15,10
1633,Cc1cc(C)c2ccccc2c1,267.15,18
1134,Clc1cc(N)c(Cl)c(c1)C(=O)O,473.15,23
1885,Brc1ccc(Br)c(Br)c1,317.65,15
363,OCCN(CC)c1ccccc1,310.15,16
730,CC(C)OP(=O)(F)C,216.15,15
3098,BrBr,265.9,2
954,C=CCCCCCCCCC(=O)O,297.65,17
540,O=C(Cl)c1ccc(cc1)C(=O)Cl,356.65,22
2009,Brc1cc(Br)cc(O)c1,354.15,15
3079,CC=CCC(C)C,148.85,10
1460,CCCOCOCCC,175.85,9
660,CCCOC(=O)CCC,177.95,12
3046,CCCCCCC(O)CCCCC,303.15,15
372,c1ccc2Sc3ccccc3Sc2c1,432.45,20
1900,COC(=O)OC,273.65,9
2452,O=C1C=COC1C,291.15,11
3277,CCC#CC(C)C,156.45,10
1702,CCCCC(C)(C)C,152.05,12
2022,CCCON(=O)=O,173.15,11
656,N#CCC(=O)OCC,250.65,12
524,Oc1ccc(cc1)C(C)C,335.45,16
981,C=CC,87.95,4
1800,COC(=O)c1ccccc1C(=O)c2ccccc2,325.15,28
2852,O=C1CCC(=C1)c2ccccc2,250.15,20
1600,C=C(Br)C,147.15,7
116,O=N(=O)C,244.65,8
2204,OCC#CC,270.95,6
1979,ClCCI,257.55,4
2096,Clc1ccc(Cl)c(Cl)c1Cl,320.65,16
358,Nc1ccc(cc1Cl)c2ccc(N)c(Cl)c2,405.65,26
391,OCC(O)c1ccccc1,340.65,14
2591,NCCCCCCCCCCCCCC,356.25,15
1841,CN(c1ccccc1)C(=O)N(C)c2ccccc2,395.15,29
281,Cc1c(C)c(C)c(C)c(C)c1C,439.65,22
3150,C[Si](C)(C)C#C[Si](C)(C)C,299.15,19
1636,Cc1cccc(C)c1O,318.85,13
616,O=C(O)Cc1ccccc1,349.85,15
2537,CCCCCCCCC(=O)OC,486.65,15
3163,N#CC(C)OC(=O)C,198.15,14
1255,C1CCCCCCC1,287.95,10
1618,CCC(C)C(C)(C)C,160.95,14
3030,CCCCC=CC,164.0,8
1651,c1ncc(cc1)c2cnccc2,341.15,18
757,O=C(C)OC(=O)C,200.15,13
1149,Nc1cc(C)c(C)cc1C,341.15,16
1127,O=C1CCC(=O)N1Cl,423.15,14
3219,Cc1ccc2N=C(C)C(C)c2c1,394.65,21
1436,C1=CC2CCC1C2,318.15,12
2602,CCCCC1CCCC1,165.15,11
723,ON=CC,318.15,5
1225,c1cc2cccc3C=Cc(c1)c23,365.65,21
838,C1=CC=CS1,233.75,9
663,CCCCOC(=O)C=CC(=O)OCCCC,188.15,23
3018,CCC1CCC(C)CC1,192.35,13
767,Clc1cccc(C)c1,225.35,12
832,C=COC=C,172.15,7
1808,Cc1ccc(Cl)c(O)c1,329.15,15
3290,COc1ccc(C)c(N)c1,320.15,16
128,ClC(Cl)(F)F,115.15,9
2881,O=N(=O)N(C)C,331.15,12
2302,O=C(Cl)C(=C)C,213.15,12
2243,COS(=O)(=O)Cl,203.15,12
2072,CCCCCCCCOCCCCCCCC,265.55,17
2280,O=C1CCCN1C,249.15,10
2611,Brc1ccc(cc1)Oc2ccc(Br)cc2,333.65,23
1732,O=COCCCC,181.65,8
316,OCc1ccccc1C,311.15,11
1647,Brc1ccc2ccccc2c1,332.15,15
2563,CCC(Br)CC,146.95,8
1543,O=C(N)CC(C)C,410.15,12
550,NCc1ccccc1,283.15,10
3262,Oc1ccc2cccc(Cl)c2c1,374.15,18
581,Nc1ccc(cc1)Oc2ccc(N)cc2,462.15,23
1238,c1ccc2C=NNc2c1,421.15,14
875,CCSSCC,171.65,6
2485,CCCOCC(O)C,193.15,10
1666,O=C=Nc1ccc(C)c(N=C=O)c1,293.65,23
3285,CCc1cccc2CCCCc12,228.65,16
3254,CCCCC=CCCCCC,196.15,12
91,FCF,137.15,3
1873,CNC(=O)c1ccccc1,355.15,15
1797,O=N(=O)c1cccc(N(=O)=O)c1C,339.15,25
236,O=C(C(Cl)(F)F)C(F)(F)F,140.15,21
108,FC(F)C,156.15,6
677,Clc1ccc(C)cc1,280.65,12
3249,FC(F)OC(Cl)C(F)(F)F,321.65,18
913,NCCCCCCC,255.15,8
1929,CCC(=O)Nc1ccccc1,378.65,16
3023,Brc1cc(Br)c(C)c(Br)c1,343.15,18
2982,CCCCCCC(=O)OCCCC,205.65,16
3319,CCCCCCCCCc1ccc2ccccc2c1,285.15,23
473,CC=Cc1ccc(O)c(OC)c1,263.15,19
3166,CCCCCC(=C)C,183.15,11
2042,C#CCCCCC,192.15,8
3011,O=C(OC(Cl)(Cl)Cl)C(Cl)(Cl)Cl,307.15,22
2389,CCCCCCOC(=O)CCCC,210.05,16
218,CNC(=O)C,301.15,8
982,COC,131.65,3
2507,CCCCc1cccc2ccccc12,253.35,18
1815,Clc1cc(Cl)c(Cl)c(Cl)c1Cl,359.15,19
1405,O=C1c2ccccc2c3ccccc13,357.15,21
41,COP(=O)(OC)OC=C(Cl)Cl,279.15,19
1893,CCOC(=O)C(=O)CC(=O)C,291.15,20
2129,CC(C)c1ncccc1,132.15,13
1328,Fc1cccc(O)c1,286.85,12
2668,N#Cc1cccc(N)c1,327.45,14
3095,O=S(Cl)Cl,168.65,7
1784,O=NN(C(C)C)C(C)C,321.15,16
2588,CCc1ccccc1Br,205.25,11
936,CCCCCCCCCC(=O)Cl,238.65,15
755,O=C(C)OC(C)C,199.75,12
763,Clc1cccc(Br)c1,251.65,12
3154,CCCCC=CCC,147.15,9
330,Nc1ccccc1c2ccccc2,324.15,17
2830,Clc1ccc(cc1)C(C)c2ccc(Cl)cc2,329.15,26
1964,CCCCCCCC(=O)OC(=O)CCCCCCC,272.15,25
3056,CC1CCCCC1(C)C,244.15,13
2322,Cc1cccc2C=CNc12,358.15,15
1560,O=C(Cl)CCC(=O)Cl,293.15,14
968,OCCOCCOCCCCCC,233.15,13
1286,FCc1ccccc1,238.15,10
203,ClCC(=O)C,228.65,8
347,CC1=C(C)c2ccccc2N1,379.15,18
417,Clc1ccccc1Cl,256.45,10
1202,Oc1cccc2cccnc12,348.65,15
285,OCC(O)C(O)C(O)CO,366.65,16
1107,CCCCOCCOCCOC(=O)C,241.15,17
3080,CCCCC=CCCCC,200.15,11
1899,CCC(S)CC,162.35,8
1628,Cc1cccc2c(C)cccc12,355.15,18
977,CCCCCCCCC=CCCCCCCCC(=O)O,318.15,24
1351,ClCC(F)(F)C,216.95,10
2559,CCCCCCCCCCC1CCCC1,251.15,17
3283,CC(CC1CCCCC1)C2CCCCC2,251.15,21
554,O=CC1CC=CCC1,275.15,12
284,CCCCOC(=O)C(O)C(O)C(=O)OCCCC,295.15,28
452,CCC(C)CC,110.25,8
2371,C=Cc1ccc(Cl)cc1,289.05,14
303,Cc1ccc(C)c(c1)N(=O)=O,248.15,21
454,OCC(N)CC,271.15,8
611,CCNc1ccccc1,209.65,11
2097,Clc1ccc(N)c(Cl)c1Cl,346.15,16
1112,CNC,180.95,3
2620,CCCCCCC(O)CCC,262.15,13
824,SCCCC,157.45,5
718,C#CCO,221.35,5
2846,O=C(C)CC(=C)C,200.55,13
256,CCOC(=O)c1ccccc1C(=O)OCC,232.65,24
883,O=C(O)CCCC(=O)O,370.95,15
3270,Clc1cccc(C)c1Cl,279.15,13
2467,OC1(C)CCCC1,309.15,11
17,CCCCCCCCCCCCCCCC(=O)O,612.15,21
819,N#CCCC,161.25,6
1947,CCOc1ccc(Cl)cc1,294.15,14
2285,CCc1ccc(C)cc1C,210.25,14
2429,CCC1CC1,123.95,7
3106,O=S(=O)(Cl)O,193.15,11
2470,O=C(C)C1=CCSC1,333.15,14
1175,CC1CNCC(C)O1,185.15,12
2749,FC(F)=C(Cl)C(F)(F)F,143.15,18
2136,O=C(O)CCC(C)C,240.15,13
1375,O=C(F)c1ccccc1,245.15,14
3036,CC(C)(C)Oc1ccccc1,249.15,17
112,ClC(F)F,115.75,6
2401,O=C1CCC(=O)N1C,344.15,14
952,CCOCCOCCOCC,228.15,11
538,COc1ccc(cc1)N(=O)=O,327.15,19
2680,Fc1cc(F)cc(c1)N(=O)=O,290.15,21
2049,BrCCCCCCBr,270.85,8
1091,O=CC=CC,197.15,7
549,ClCc1ccccc1,228.15,10
1966,CCNC(=O)NCC,385.65,11
1114,OCC(N)(C)C,298.65,10
1192,SCCCCCCCCCC,247.15,11
2147,ClC(F)(F)C(Cl)(Cl)C(Cl)(F)F,230.25,23
1720,C=CCC=C,124.35,7
104,SC(C)C,142.65,6
513,O=N(=O)c1ccc(Cl)c(Cl)c1,316.15,21
3261,Clc1ccc(Cl)c(I)c1,295.15,15
3223,CCCCCCCCCCCCCCCCCCCC1CCCCC1,318.15,27
731,C[Si](C)(C)O[Si](C)(C)C,207.15,17
2967,CCC(C)(CC(=O)O)CC(=O)O,360.15,22
2119,CCCCCCCCCCCCC(=O)O,585.55,18
756,O=C(C)OC(=C)C,180.25,13
144,C=C[Si](Cl)(Cl)Cl,178.15,11
2416,COc1ccc(cc1OC)C(=O)C,324.15,20
1696,C=C=CC,136.95,6
385,CCOc1ccc2ccccc2c1,310.65,17
2181,CCc1cc(O)cc(C)c1,324.75,16
1321,Nc1ccc(F)c(Cl)c1,318.65,15
769,Clc1cccc(O)c1,305.75,12
1571,CCCCCCCCCCCCCCCC,291.25,16
308,O=N(=O)c1cc(Cl)c(Cl)cc1Cl,330.65,22
151,O=C(O)C(Cl)(Cl)Cl,330.65,14
219,COC(=O)C,175.15,8
3192,CC(C)(C)c1cccc2ccccc12,261.85,22
1931,CCOC(=O)C(=Cc1ccccc1)C(=O)C,333.65,27
1207,COc1cccc(O)c1,256.15,13
70,Clc1ccc(cc1)C(C(Cl)Cl)c2ccc(Cl)cc2,382.65,30
1389,Nc1cnccc1,337.65,9
1982,O=NOC,257.15,5
3082,CCCCCCC(=O)OCCCCC,223.15,17
3094,CC1CCC(C)C(C)C1,189.65,15
3176,CC(C)=CCCC=C(C)C,198.75,16
1094,O1CCOCC1,284.95,8
745,COCC(O)C,131.15,8
2333,C1CCC2C(C1)Nc3ccccc23,393.15,21
1850,OCc1ccccc1N(=O)=O,347.15,17
615,O=C(C)Cc1ccccc1,258.15,15
1355,FCC(F)F,189.15,7
820,N#CCC=C,186.15,7
1845,ClCc1ccccc1CCl,328.15,12
1817,Oc1cc(Cl)c(Cl)c(Cl)c1,374.15,18
1017,Nc1ccc(cc1C)c2ccc(N)c(C)c2,404.65,26
783,Cc1cc(C)cc(C)n1,227.15,15
335,Brc1ccc(cc1)C(=O)c2ccccc2,355.65,24
1779,COC(=O)C(Cl)(Cl)Cl,255.65,15
870,O=COCCC,180.25,7
768,Clc1cccc(N)c1,262.75,12
600,CCCCC(CC)COC(=O)C,193.15,17
232,O=C(O)C(=C)C,289.15,12
2909,CCCCCCC1CCCC1,200.15,13
2030,O=N(=O)CCC(C)C,370.15,14
3002,CC(C)(C)c1ccccn1,240.15,16
1275,FCCCCCCCCCC,238.15,11
1245,C1CCC1,182.55,6
31,OCCc1ccccc1,246.15,11
1892,Nc1ccc(N)c(N)c1,370.45,15
33,CCCCCC=CCC=CCCCCCCCC(=O)O,638.35,25
1587,Cc1ccc(C)c(Br)c1,282.15,15
580,Nc1ccc(cc1)Cc2ccc(N)cc2,365.65,23
1165,CCCCCCC(O)CC=CCCCCCCCC(=O)O,278.65,27
937,CCCCCCCCOC(=O)C,234.65,15
339,COc1cccc(OC)c1O,329.65,15
2025,ClCCCO,253.15,5
145,O=C(C)C(C)(C)C,220.65,14
665,OCC=C(C)CCC=C(C)C,258.15,17
395,Clc1ccc(OC(C)C(=O)O)c(C)c1,367.65,25
510,Cc1cc(C)cc(c1)N(=O)=O,348.15,21
3320,BrC(C)C(Br)(Br)C,274.95,13
911,C=CCCCCCC,171.45,9
792,Clc1ccccc1,227.95,9
2699,CCOC(=O)CC(=C)C(=O)OCC,331.65,22
2725,CCCCOCOCCCC,215.05,11
3112,O=Cc1cc(Cl)cc(Cl)c1,338.15,17
3049,Nc1ccc(Br)c(C)c1,354.15,15
3207,CCC(C)CC(O)CC,181.95,13
2217,CC1=C(C)CCC1,182.75,12
922,BrCCCCCCCC,218.15,9
445,CCOC(=O)C(=O)OCC,232.55,16
799,Cc1cnccc1,255.05,9
2464,CCCCCCCCCCCCCCCCc1ccccc1,300.15,24
793,NC1CCCCC1,255.45,9
1331,FCCCCCC,170.15,7
568,CCN1CCOCC1,209.15,10
1077,CCCCCCCCC(=O)OCC,500.15,16
1370,CCOC(=O)c1ccc(F)cc1,299.15,19
1973,CCCCC(=O)OC,182.15,11
2418,CCCCc1ccc2ccccc2c1,268.15,18
1629,O=C(C)N(C)c1ccccc1C,328.65,19
1379,CCOc1ccc(F)cc1,264.65,14
3260,OCCCCCCCCCCCCCCCC,322.65,17
1223,c1ccc2c(c1)c3cccc4cccc2c34,380.95,26
3042,Cc1cccc(C)c1Cl,238.15,13
1483,CC1=CC(=O)C(C(=O)C)C(=O)O1,382.15,26
976,CCCCOCCOCCOCCCC,213.15,15
1037,O=N(=O)c1cc(ccc1Cl)C(F)(F)F,270.65,26
2480,Brc1cncc2ccccc12,314.65,15
1125,C#CC(O)(C)c1ccccc1,325.45,18
240,CCC(C)(C)c1ccc(O)cc1,368.15,20
1302,O=C(N)C(F)(F)F,345.65,14
1717,CCCCC(=O)C,217.65,10
1349,FC(F)(F)C,161.85,9
2645,CC(C)c1ccc(O)c(O)c1,351.15,19
2759,NCCCCCCCCCCCCC,300.55,14
83,C=CCl,119.45,4
1706,Brc1cccc(I)c1,263.85,12
2428,O=C1CCC1,222.25,8
2691,C=C(C)c1ccc(cc1)C(C)C,242.55,21
1181,OC(C)(C)C#CC(O)(C)C,368.15,19
449,c1ccc(cc1)C2OC2,237.55,15
874,OCCOCC,203.15,6
1467,CC1(C)C2CC3C(C2)C13C,340.65,20
1304,ClC(Cl)(Cl)C(F)(F)F,287.35,16
2114,CC1CCCC(C)C1,197.55,12
1769,C=C=C(C)C,159.55,9
1872,ON=C(C)c1ccccc1,333.15,15
1623,O=C(O)C(Br)C(C)C,317.15,15
490,Oc1cccc(c1)C(F)(F)F,271.35,19
748,C=COC(=O)C,179.95,10
1248,N1=CC=CN1,341.15,9
1847,C=Cc1ccccc1OC,302.15,13
2328,ClCC(=O)c1ccc(Cl)cc1,374.65,18
774,Cc1cncc(C)n1,320.65,12
1189,CCCCOCCCC,177.95,9
2873,COCC(=O)c1ccccc1,281.15,16
388,COc1cc(Cl)ccc1N,325.15,14
2080,CCCCCCCCCCCCCCCCCCCCCCCCCC,329.55,26
289,CCC(CC)C(=O)O,241.35,13
2983,OC1CCCC(C)C1,267.65,12
2201,CCCC(=O)N(C)C,233.15,13
1526,O=C(C)Nc1ccc(Cl)cc1,452.15,18
1870,O=C(C)c1ccccc1N,293.15,15
2596,Cc1cncnc1,303.65,9
2118,O=COCCCCC,199.65,9
461,CC1CCCC1,130.65,8
2221,CSCc1ccccc1,243.15,11
2889,CC1CCCC1(C)C,251.55,12
673,Brc1ccc(C)cc1,301.65,12
1256,C1CCCCCCCCC1,283.15,12
2400,CC1OCOCC1,228.65,9
3068,O=C(O)CCOc1ccccc1,370.65,17
2191,O=C(C=CC1=CC=CO1)c2ccccc2,320.15,25
872,OCCSCC,173.15,6
2696,Cl[Si](C)(C)O[Si](Cl)(C)C,235.65,17
412,CC1=Cc2ccccc2N1,334.15,15
941,NCCCCCCCCC,272.15,10
569,C=Cc1cccc(C)c1,186.85,14
2713,Clc1ccc(cc1)Oc2ccc(Cl)cc2,303.15,23
1985,CC(C)CC(O)(C)C,253.15,14
1327,Fc1cccc(F)c1,204.15,12
1643,COc1ccccc1Br,275.65,11
2681,Cc1ccc(cc1)N=Cc2ccccc2,308.15,22
1544,O=C(O)C=C(C)C,342.65,13
1006,Brc1cc(Br)c(O)c(Br)c1,368.65,18
3228,COC(=O)c1cc(C)ccc1O,272.15,19
2374,CCCc1ccc(C)cc1,209.55,14
1185,O1CCCCC1,228.15,8
2438,N#Cc1ccc(F)cc1,307.95,14
3305,CCC(C1CCCCC1)C2CCCCC2,249.65,21
3015,C1CCC(CC1)CCCCC2CCCCC2,285.15,22
1613,ClCC(=C)C,193.15,8
3180,CCC(C)C(C)(C)CC,171.95,15
2794,CC(C)(C)C1CCCCC1,231.95,16
2195,ClCC(C)(C)C,253.15,10
275,Clc1cccc(N)c1C,274.15,13
570,O=Cc1cccc(O)c1,381.15,14
1809,Clc1cccc(N)c1Cl,297.15,13
3250,CCCCCCCCCCC(O)CCC,311.15,17
2406,Clc1cc(C)c(Cl)cc1C,344.15,16
1257,C1CCCCCCCCCCC1,333.55,14
2293,CCc1ccc(CC)c(CC)c1,228.25,18
813,BrCCCC,160.75,5
118,CC1NC1,208.15,6
21,OCC(O)C,213.15,7
152,O=C(O)C(Cl)(F)F,298.15,14
1048,O=N(=O)c1cccc(c1)C(=O)C,354.15,23
2359,CCC(C(C)C)C(C)C,150.75,15
1106,O=CCCCCCCC,250.15,10
313,Cc1ccc(N(=O)=O)c(C)c1,282.15,21
800,CN1CCNCC1,409.15,9
213,ClCC(=O)N,394.15,8
3040,CCCCCCCCCCCc1ccccc1,268.15,19
2525,CC(C)CC1CCCCC1,178.15,14
1674,Brc1ccc(cc1)N(=O)=O,400.15,18
1188,CCCCCCOC(=O)C,192.25,13
2823,C1CNc2ccccc2N1,372.15,14
1007,O=C(O)c1ccccc1C,376.85,15
180,C#CC1(O)CCCCC1,304.65,14
190,C=CC(=C)C,127.25,9
2145,O=C1OC(=C)C1,266.65,12
1271,Fc1ccc(cc1)c2ccccc2,347.35,19
2551,Clc1ncc(C)c(Cl)n1,299.15,15
2048,CCCCCCCC(=O)N,381.15,13
1216,ClC=CCl,193.15,5
686,Brc1ccc(S)cc1,346.15,12
2840,C=CCCCCC=C,203.15,10
1365,Fc1ccc(N(=O)=O)c(F)c1,282.95,21
2178,O=Cc1ccc(C)cc1O,333.65,15
803,CC1CNCCN1,335.15,9
2757,OCCCc1ncccc1,307.15,12
3013,COc1cccc(c1)c2cccc(OC)c2,309.15,24
2733,CCOC(=O)NCc1ccccc1,322.15,18
1179,ClCCCCl,173.65,5
2100,CC(C)c1cc(C(C)C)c(cc1C(C)C)C(C)C,391.55,32
2642,Clc1cccc(c1)C(Cl)(Cl)Cl,273.75,19
771,Nc1cccc(N)c1,336.65,12
3034,O=Cc1ccccc1Br,294.65,12
1274,CCCCCCCCCC(=O)O,541.85,15
2483,Cc1ncnc(C)c1,298.15,12
853,BrCCCCBr,256.65,6
1989,CCCC(Cl)C,193.15,8
45,OCC,159.05,3
1359,ClC(F)=C(Cl)C(F)(F)F,136.15,18
2027,ClCCOC,218.15,5
384,CC=Cc1ccc(OC)c(OC)c1,291.15,20
26,CCN(CC)C(=O)c1cnccc1,298.15,20
2153,O=C(C(F)(F)F)C(F)(F)F,148.15,21
2598,C=Cc1ccc(Br)cc1,280.85,14
1450,Oc1cc(O)cc(C)c1,380.65,15
1335,O=C(O)C(F)F,272.15,11
2184,O=C(O)CCC1CCCCC1,289.15,16
729,OC(C)CC(O)(C)C,223.15,14
2730,CC1CCC(C)C1C,156.75,12
2581,O=CC1=CC=C(Br)O1,356.65,15
632,CCCCCCCCCCc1ccccc1,258.75,18
2327,c1ccc(cc1)N2N=CCC2,325.15,18
2059,OCCCCCCCO,295.65,9
1616,O=C(C)C(C)C,181.15,11
2207,CCCCCCCCC(=O)Cl,212.65,14
1977,COC(=O)C=CC(=O)OC,254.15,17
341,C1CCC2CCCCC2C1,230.15,14
930,CCCCNCCCC,211.15,9
2197,O=C(O)C(=O)C(C)C,304.65,16
3238,O=Cc1cccc(O)c1O,381.15,15
1655,Cc1ccc2ccc(C)cc2c1,370.15,18
2289,CN1CC(C)c2ccccc12,415.15,17
3178,CCCC(C)(C)C(C)C,156.35,15
876,C1CCCCC1,279.75,8
2018,CCCCC(O)C,223.0,9
965,OCCCCCCCCCCCC,297.15,13
1789,c1ccc(cc1)N(c2ccccc2)c3ccccc3,400.15,29
221,COC(=O)Cl,212.15,8
1749,BrCC(Br)(C)C,283.65,10
866,N#CCCOC,210.6,7
1427,C1CCC2CCCC2C1,220.15,13
2630,C=Cc1ccc(cc1)C(C)C,228.45,18
2109,CC=Cc1ccccc1,246.05,12
1653,O=C(C)OC(OC(=O)C)c1ccccc1,319.15,25
3271,C1CNC(CC1)Cc2ccccc2,305.15,19
282,Clc1c(Cl)c(Cl)c(Cl)c(Cl)c1O,447.15,22
1168,NCCO,283.65,4
2637,C1CCC2C(C1)CCC3C4CCCCC4CCC23,388.15,28
728,CC(C)=CC(C)(C)C,166.85,15
52,COS(=O)(=O)C,293.15,12
591,ClCc1ccc(Cl)c(Cl)c1,310.65,16
2294,Cc1cc(cc(C)c1O)C(C)(C)C,355.55,23
2102,c1ccc(cc1)N2C=CC=C2,335.15,19
3027,CCCCCCOC(=O)CCCCC,218.15,17
2415,Oc1ccc(cc1)C2CCCCC2,406.15,19
596,OCCN(CCO)CCO,293.65,12
597,O=C(C)OCC(COC(=O)C)OC(=O)C,351.15,26
1875,Cc1ccc(cc1)OC(=O)c2ccccc2,344.65,25
1166,CCOC(=O)CCCCC(=O)OCC,253.35,20
2054,OCCCCCCO,318.15,8
1131,COC(=O)c1ccccc1C(=O)OC,278.65,22
1490,Oc1cc(O)c(C)c(C)c1,409.15,18
2341,CC[Si](CC)(CC)O[Si](CC)(CC)CC,199.57,23
2904,CCC(=O)C(=O)CC,263.15,14
791,Cc1ccncc1,276.81,9
277,Cc1cccc(C)c1N,284.35,13
137,CCC(C)(C)C,174.15,10
932,CCCCCCCCC(=O)O,527.65,14
1501,c1ccc2cc(ccc2c1)Nc3ccc4ccccc4c3,445.35,31
1129,Oc1c(cccc1C(C)(C)C)C(C)(C)C,312.15,27
901,OCCNCCO,301.15,7
667,CCCC(=O)OC(=O)CCC,198.15,17
354,O=C1C=Cc2ccccc2O1,344.15,17
2074,CCCCCCCCCCCCCCCCCCC,305.25,19
1556,N#CCCCl,222.15,6
2887,c1ccc(cc1)CN2C=NC=C2,342.15,20
1482,c1ccc(cc1)C(c2ccccc2)c3ccccc3,367.15,29
1122,ClC(Cl)=C(Cl)Cl,250.85,11
1576,COC(=O)C(C)C,188.45,12
1,Clc1ccc(Cl)c(c1)C(=O)O,427.55,20
1031,Oc1ccccc1O,378.15,10
56,O=C(C)C,178.35,7
1958,COc1ccc(Cl)cc1,255.15,13
1519,COc1cccc(N)c1,272.15,13
345,COc1ccccc1N(=O)=O,283.65,17
182,CCOP(=O)(OCC)OCC,216.75,16
760,O=C1C=CC(=O)O1,325.95,14
1154,C=C(C)C1CCC(O)(C)CC1,305.65,20
255,c1ccc(cc1)c2ccccc2c3ccccc3,329.35,26
2317,O=C1C=CCCC1,220.15,11
1586,COC(=O)C(=O)OC,327.45,14
472,C=CCc1ccc(O)c(OC)c1,265.65,19
1431,Cc1ccc(N)c(N)c1,362.65,15
1109,O=CCCCCCCCC,255.15,11
1920,CCOC(=O)c1cccc(c1)N(=O)=O,320.15,25
2861,BrC1=C(Br)C(Br)=C(Br)S1,390.65,19
172,CCC(O)(C)CC,249.55,11
822,N#CCC#N,305.15,7
177,OCC(C)(CO)CC,313.45,12
2520,CCCCCCCC(=O)c1ccccc1,295.95,20
3076,Clc1ccc(C)c(Cl)c1Cl,316.65,16
1217,NCCCO,284.15,5
910,CCCCCCCC,216.35,8
1615,CC(C)=C(C)C,198.55,11
1303,ClC(Br)(F)C(Br)(F)F,323.15,16
900,NCCNCCN,234.15,7
2383,c1ccc(cc1)CCCCc2ccccc2,325.65,22
1333,ClC(Cl)(F)C(F)(F)F,216.55,16
1959,BrCc1ccc(CBr)cc1,417.65,14
603,c1ccc(cc1)CCc2ccccc2,325.65,20
3288,COCCN(C(=O)CCl)c1c(C)cccc1C,319.15,26
2331,CCc1ccc2ccccc2c1,265.75,16
1178,Oc1ncccc1,380.95,9
695,CCC1OC1,123.15,7
790,Cc1ccccc1,178.25,9
268,c1ccc2c(c1)Cc3ccccc23,387.95,21
139,CCC(O)(C)C,264.35,10
2915,N#CCCC(C)C#N,228.15,12
865,SCCCCC,197.45,6
1714,CCCSC(=O)N(CC)CCCC,251.15,18
1860,O=C(C)Oc1ccc(OC(=O)C)c(OC(=O)C)c1,372.15,33
2607,CCOC(=O)CCCCCC(=O)OCC,249.15,21
1768,C#CC(C)C,183.45,8
1582,O=C1CC2CCCC(C1)N2C,327.15,18
32,CCOCC,156.85,5
650,CCOC(=O)CC,199.25,10
2140,FCCCCCCC,200.15,8
970,CCCCCCCCCCCCCCCCCC(=O)OC,625.0,24
2567,O=C(O)CCCc1ccccc1,325.15,17
247,O=N(=O)c1c(Cl)c(Cl)c(Cl)c(Cl)c1Cl,417.15,28
2403,O=C(C)c1ccncc1,289.15,14
576,Oc1ccc(cc1)Cc2ccccc2,357.15,20
835,O1CCCC1,164.85,7
414,Cc1ccccc1C,247.95,10
2354,CC(C)(C)c1ccc(cc1)C(C)(C)C,352.65,26
1373,FCC(=O)OC,238.15,9
775,O=C1CCCC(=O)O1,329.45,14
523,Cc1ccc(cc1)C(C)C,204.25,16
567,CCc1ncccc1,210.05,10
859,N#CCCCC,176.95,7
2833,Nc1cccc(c1)Oc2ccccc2,310.15,20
2020,CCCCN(=O)=O,191.82,11
2220,COc1ccccc1Cl,246.35,11
1444,O=C1CCCCCCC1,302.15,12
2281,CC1CCS(=O)(=O)C1,274.15,16
2258,CC1=CNC=N1,329.15,10
229,ClC(Cl)=C(F)F,157.15,11
2890,ClC(Cl)(Cl)C(F)(F)C(F)(F)F,193.15,23
1511,O=N(=O)c1cc(C)c(O)c(c1)N(=O)=O,359.75,30
674,Clc1ccc(Br)cc1,341.15,12
27,Oc1ccc(Cl)c(C)c1,340.15,15
1578,CN1C(=O)c2ccccc2C1=O,407.15,20
2597,NCCN1CCOCC1,298.75,11
502,ClC(Cl)c1ccccc1,256.15,13
1426,CCCC(=O)c1ccccc1,285.15,16
87,N#CC,229.35,4
544,OCCN(CC)CC,203.15,10
1922,O=N(=O)c1ccc(N(=O)=O)c(C)c1,325.65,27
1682,CCCC(C)CC,154.15,9
1459,ClCCSCCCl,286.65,7
1846,N#Cc1ccccc1CCl,334.15,13
1445,CCCCC(=O)CCCC,267.25,13
1604,IC(C)(C)C,234.95,9
1396,OC(C)C(C)(C)C,277.95,13
2338,Cc1ccc(cc1)N=Nc2ccccc2,344.65,22
1356,O=C(C)C(=O)C,270.75,12
494,O=N(=O)c1cccc(c1)C(F)(F)F,270.75,25
2463,BrCC(C)c1ccccc1,213.85,14
1773,CCN(C)C,133.15,7
237,C=C1C2CCC(C2)C1(C)C,324.35,19
2196,CCC(=O)N(C)C,228.15,12
1242,C1CN2CCN1CC2,432.15,12
2409,Cc1ncc2ccccc2c1,341.15,15
2370,C1=CCCCC=CC1,220.15,12
631,O=CC=Cc1ccccc1,265.65,14
2007,CCCC(C)OC(=O)C,173.15,14
1709,Cc1cncc(C)c1,266.55,12
2576,Cc1cc(C)c(O)c(c1)C(C)(C)C,295.45,25
1361,Fc1c(F)c(F)c(c(F)c1F)C(F)(F)F,207.55,29
22,O=C1OCC1,239.75,8
2376,CC=Cc1cccc(OC)c1O,354.15,17
2321,O=C(C)C1=CCCCC1,346.15,15
998,COC(=O)C(Cl)Cl,221.25,12
2090,CNC(=O)N(C)C,348.65,12
270,CC(C)COC(=O)c1ccccc1O,279.05,21
1538,CNNC,264.15,4
3139,COc1ccccc1C(O)C,188.05,15
2612,CCCCOC(=O)C(=O)OCCCC,242.65,20
682,Clc1ccc(O)cc1,315.85,12
2399,O=C1CCCC1C,198.15,10
2179,O=CC1=CC=C(O1)N(=O)=O,308.65,21
1844,CC(c1ccccc1)c2ccccc2,255.25,20
1092,N1CCCC1,215.35,7
2640,n1ccc(cc1)Cc2ccccc2,285.55,19
548,C=Cc1ccccc1,242.15,11
293,Nc1ccccc1C(F)(F)F,308.65,17
1755,O=C(N)C(Cl)(Cl)Cl,415.15,14
1135,COC(=O)c1ccccc1N,297.65,16
2929,O=C(O)C1CC=CCC1,290.15,15
1371,CCOc1ccccc1F,256.45,12
1383,Brc1ccc(F)cc1,255.75,12
947,OCCCCCCCCCC,280.05,11
123,NC(C)(C)C,206.25,9
408,O=C(O)CCCOc1ccc(Cl)cc1Cl,391.15,22
2497,C=CCCCCCCCCCCCCCCCCCCCC,311.15,23
505,O=N(=O)c1ccccc1,278.85,15
2267,Brc1c(Br)c(F)c(F)c(F)c1F,285.15,22
1572,CCCCCCCCCCCCCCCCCCCCCCCCCCCCCCCC,342.85,32
1455,OCCCO,246.45,5
1664,CCC(O)CC,204.15,8
980,CCCCCCCCCCCCCCCCCCCC,309.95,20
1999,Brc1cncc(Br)c1,385.15,12
742,CCCC(=O)O,267.45,9
746,OCCN(C)C,214.15,8
2316,ClC1CCCC1,223.15,8
493,Oc1ccc(cc1O)C(C)(C)C,327.45,20
1761,CCC(C)(C)C(=O)O,259.15,15
2885,CCC=CCC(=O)O,285.15,12
1767,CCCCS(=O)(=O)CCCC,318.15,17
2287,CCCSc1ccccc1,228.15,12
897,OCCCCCO,255.15,7
1695,BrCCI,301.15,4
699,C=CCBr,154.15,5
1018,c1ccc2cc3ccccc3cc2c1,488.15,20
1945,O=C(C)OC1CCCCC1,208.15,15
2222,O=CNC1CCCCC1,312.65,12
2414,CC1=NN(C(N)=C1)c2ccccc2,389.15,23
2941,CCc1cccc(c1)C(C)C,253.15,17
3014,CC(C)(C)OC(C)(C)C,195.0,17
2340,C[Si](C)C,137.25,6
127,ClC(Cl)(Cl)F,162.05,9
307,CC(C)c1cc(Cl)c(C)cc1O,336.15,20
1876,O=C(O)Cc1ccccc1O,421.15,16
2657,ClC(C)C(Cl)C,193.15,10
2206,N#CC=CC#N,369.95,9
1853,Cc1ccc2cccnc2c1,312.15,15
3137,CC(CC(C)(C)C)CC(C)(C)C,206.15,22
562,NNc1ccccc1,292.75,10
1688,CCCCC(C)CC,173.15,10
785,CC(C)CC(O)CC(C)C,208.0,16
2134,N#CCCc1ccccc1,272.15,13
1419,O=C1c2ccccc2Sc3ccccc13,482.15,22
1559,CC[Si]CC,138.85,5
2766,CC(CC1CCCCC1)CC2CCCCC2,273.75,22
1289,Fc1ccc(I)cc1,246.15,12
2926,OC(C)CCCC(C)C,168.15,13
2253,C=CC#CC=C,185.15,9
2966,OCc1ccccc1N,356.65,11
1206,COC(OC)OC,288.15,9
2541,CC(C)c1ccc(O)c(C)c1,281.75,19
234,O=C(Cl)N(C)C,240.15,11
260,O=C1OC(=O)c2ccccc12,403.95,19
2106,O=C(O)C1=CCCCC1,311.15,15
700,CCCC,134.95,4
2917,CC1CCCN(C1)C(=O)C,259.55,17
1102,NCCCCCCN,314.65,8
336,Clc1ccc(cc1)C(=O)c2ccc(Cl)cc2,420.65,27
2038,C1=CCC=CC1,223.95,10
2962,SCCCCCCCCCCC,270.15,12
381,COc1ccc2ccccc2c1,346.65,16
201,CCC(=O)C,186.55,8
704,CC=CC,133.85,5
1759,ClC(Cl)C(Cl)(Cl)C(Cl)(Cl)Cl,302.55,20
188,BrCC(C)C,154.15,7
2708,CCNc1ccc2ccccc2c1,509.15,17
3172,CCCCCCCCc1ccc(N)cc1,293.15,19
1210,COc1cccc(OC)c1,221.15,14
920,C=CCCCCCCCCC(=O)OC,245.65,18
2950,CCSC(C)C,150.95,8
2168,Clc1ccccc1Br,260.85,10
157,ClC(F)(F)C(Cl)(F)F,179.15,16
1610,CCCC(C)(C)CC,147.05,12
1036,O=N(=O)c1ccc(C)c(c1)N(=O)=O,344.15,27
1232,c1ccc2c(c1)ccc3c4ccccc4Cc23,462.65,27
1477,C=C(C)C(=C)C,197.15,12
1075,CCCC(=O)CCC,240.15,11
2363,CCCCCC(C)(C)C,160.15,13
2189,ClC1=C(Cl)C(F)(F)C(F)(F)C1(F)F,167.35,28
13,CC(C)OP(=O)(F)OC(C)C,191.15,20
649,N#CCC(=O)OC,250.65,11
2951,CC1CCC(C)S1,184.15,11
3081,OC1CCCCC1C,252.15,10
2748,CCc1ccc(O)c(OC)c1,266.15,17
1213,ClC(Br)C(F)(F)F,155.15,13
1163,CC(C)COC(=O)CCCCC(=O)OCC(C)C,253.15,28
223,BrC(Br)C(Br)Br,273.15,10
1884,Ic1ccccc1I,300.15,10
2569,Nc1cccc(C)n1,314.15,12
935,CCCCCCCCCC(=O)C,288.15,15
1454,O=C1OC=CC=C1,281.65,12
1681,OCc1ccc(C)cc1,334.65,13
2423,CC(C)C(C)C(C)(C)C,152.15,17
644,COc1ccc(N)cc1,330.35,13
3217,C=CC=CCC,170.75,8
425,Nc1ccc(C)c(C)c1,324.15,15
543,CCOc1ccc(cc1)N(=O)=O,333.15,20
861,N#CCCC#N,327.65,8
2282,N#Cc1ccccc1Cl,319.45,12
574,Nc1ccc(Cc2ccc(N)c(Cl)c2)cc1Cl,383.15,27
322,COc1ccccc1O,305.15,11
619,O=C(C)Nc1ccccc1,387.45,15
379,Cc1ccc2cc(ccc2n1)N(C)C,374.15,22
856,ClCCCCCl,235.85,6
1849,CCc1ccccc1N(=O)=O,260.85,17
1502,O=C1CC2CCC(C1)N2C,316.15,17
1907,CCOC(=O)C(=O)C,223.15,14
2715,O=C1Oc2ccccc2C=C1C,364.15,18
1462,CCCCCCCCCCCCCCCCCCCC(=O)O,673.0,25
1542,CCOC(=O)Cl,192.55,9
1330,FC1CCCCC1,286.15,9
1581,O=C(O)c1ccc2C(=O)OC(=O)c2c1,435.15,27
1469,COP(=O)(OC)OC,227.15,13
2747,CN(C)C(=S)N(C)C,352.45,15
1028,O=C(C)Nc1ccccc1C,383.15,16
2621,Clc1ccccc1c2ccccc2,307.15,17
3273,CCC(CC)c1ccncc1,398.65,15
67,ClC(Cl)(Cl)C,242.75,9
1099,O=C(O)CCCCC(=O)O,426.35,16
3069,N#CC=CC1=CC=CO1,311.15,15
259,c1ccc2c(n1)ccc3ccccc23,367.15,22
1823,O=N(=O)c1ccccc1C(=O)N,449.75,21
2183,Cc1cc(C)c(C)c(C)c1C,327.65,19
2346,O=CC1=CC=CN1,319.65,12
1895,Oc1cc(O)c(C)cc1C,399.65,16
3317,CCCCCCCCC#CC,243.05,12
173,C#CC(O)(C)CC,303.65,12
2272,Cc1ccc2ccc3ccccc3c2c1,338.15,21
2534,ClC(Cl)(F)C,169.65,9
2471,Oc1ccc2CCCc2c1,331.15,14
2658,C=C(C)CC(C)C,149.05,12
607,O=C(C)OCCc1ccccc1,242.05,17
1152,CCCCOC(=O)C(O)C,245.15,15
2343,ClCCCCCCCCCC,241.85,11
2856,CC1CCc2ccccc2C1,230.05,15
2972,N#CCCCCCCCCCCCCCCCC,307.15,19
3020,O=Cc1ccc(Cl)c(Cl)c1,317.15,17
2247,O=C(C(C)(C)C)C(C)(C)C,247.95,21
20,ClC(Cl)(Cl)C(O)(C)C,370.15,16
364,C1CCC(CC1)C2CCCCC2,277.15,18
525,Brc1ccc(cc1)C(=O)C,323.65,17
1155,Nc1ccc(cc1)Sc2ccc(N)cc2,381.65,23
2844,NCc1ccncc1,265.55,10
1537,COCC,160.15,4
1236,c1ccc2cc3ccccc3nc2c1,381.15,20
1338,Fc1c(F)c(F)c(F)c(F)c1F,278.45,22
926,OCCCCCCCC,257.65,9
614,CCOc1ccccc1,243.65,11
1788,c1ccc(cc1)c2c3ccccc3nc4ccccc24,457.15,30
1262,ClC(=C(Cl)C(F)(F)F)C(F)(F)F,205.85,25
812,BrCCCBr,238.95,5
3245,OC(C)COCC(O)C,233.15,13
1645,O=C(C)N(C)c1ccccc1,376.15,18
2978,OC1CC(C)CC(C)C1,284.75,15
1399,ClC1CC2CCC1(C)C2(C)C,405.15,19
279,Oc1cccc(O)c1O,406.15,13
194,OCC(C)C,165.15,7
2224,OC1CC(C)CC(C)(C)C1,328.95,18
1517,CCc1ccncc1,182.65,10
1608,CCC(C)(C)C(=C)C,204.15,15
1534,COC1CC1,154.15,7
2442,CCOc1ccc(N)c(N)c1,344.65,17
1345,N#Cc1cccc(F)c1,257.15,14
1978,CCCCCOC(=O)CC,200.05,13
2628,Brc1ccccc1c2ccccc2,274.65,17
717,C=CCO,144.15,5
239,CC(C)(OOC(C)(C)c1ccccc1)c2ccccc2,313.75,32
1381,O=Cc1ccc(F)cc1,263.15,14
2056,CCCSSCCC,187.55,8
3308,CC1C=CCCC1,157.65,10
2241,O=C(C)C(c1ccccc1)c2ccccc2,319.15,25
2393,ClCCCCC(=O)O,291.15,11
2488,CCOC(=O)c1ccncc1,296.15,16
44,O=C(N)Nc1ccccc1,420.15,15
1668,Oc1cccc(c1)C(C)(C)C,315.45,19
1116,OCC(C)(C)CO,403.15,11
325,Clc1cccc2ccccc12,270.65,15
318,O=Cc1ccccc1Cl,285.55,12
1388,Fc1ccccc1,230.95,9
2934,ClCCCCCCCCCCCCCCCC,291.05,17
15,c1ccc2cc3c(ccc4ccccc34)cc2c1,357.15,28
2905,OCCC1CCCCC1,253.15,11
446,Cc1cc(C)c(C)cc1C,352.45,16
1193,CCCCCCCCCOC(=O)C,247.15,16
198,ClCC(Cl)C,173.15,7
1251,n1cnccc1,295.15,8
2676,Cc1ccc2nc(C)cc(C)c2c1,341.15,21
3099,OC1CCC(C)CC1,263.95,12
816,ClCCCC,150.05,5
1167,CCCCOC(=O)C=C,208.55,13
1416,O=C1OC=Cc2ccccc12,320.15,17
3096,ClP(Cl)Cl,161.15,6
306,Clc1ccc(Cl)c(c1)N(=O)=O,329.15,21
2244,ClC(C)C(Cl)(Cl)Cl,209.15,13
1281,Clc1ccccc1F,230.15,10
92,ICI,279.25,3
1401,C1Cc2cccc3CCC(C1)c23,285.95,20
2263,ClCc1ccc(OC)cc1,297.65,14
2542,C=CCc1ccccc1O,267.15,13
1992,OCCN(=O)=O,193.15,10
2511,SCCCCCCC,230.15,8
3097,OO,272.72,2
1425,CCC(O)C1NCCCC1,394.15,14
1320,Fc1ccccc1O,289.25,10
1601,C=C(Cl)C,135.75,7
468,Oc1ccc(cc1C(C)(C)C)C(C)(C)C,329.65,27
509,Nc1cccc(c1)N(=O)=O,387.15,18
1198,OCCCCCCCCC=CCCCCCCCC,279.65,20
1270,Fc1ccc2ccccc2c1,334.15,15
2684,CCN1C(=O)CCC1=O,299.15,15
432,Cc1ccc(C)c(Cl)c1,274.75,15
521,CC1CCC(CC1)C(C)C,185.55,16
54,OC,175.55,2
63,OCCC,147.05,4
34,NNC,220.75,3
2108,CCC(=O)Oc1ccccc1,293.15,16
1475,CCC(I)C,169.15,7
2884,CCc1ccc(cc1)C(C)C,253.15,17
1296,N#CC(Cl)(Cl)F,163.15,11
214,BrCC(=O)O,323.15,8
1160,N#CCc1ccccc1,249.35,12
3,ClCCN(C)CCCl,213.15,10
1086,O=C1CCC(=O)N1,399.65,13
1081,O=CCC,193.15,5
1829,O=N(=O)c1cc(C)c(C)cc1C,344.15,22
2076,CCCCCCCCCCCCCCCCCCCCC,313.65,21
2273,CCNc1nc(SC)nc(NC(C)C)n1,361.15,23
2476,CCO[Si](c1ccccc1)(c2ccccc2)c3ccccc3,338.15,32
1821,CN(C)c1ccccc1C,213.15,14
475,CCOC(=O)C(=C)C,198.15,14
2149,CN(C)P(=O)(N(C)C)N(C)C,280.35,22
1062,O=C(C)Oc1ccccc1,243.15,15
1991,COCC(=O)O,280.85,9
1337,COc1c(F)c(F)c(F)c(F)c1F,236.15,23
58,O=S(C)C,291.65,7
925,NCCCCCCCC,273.15,9
1478,OC(C)C(O)C,298.15,10
40,Nc1ccccc1,267.15,9
601,CCCCC(CC)COC(=O)C=C,183.15,19
3136,CCCC(C)(C)C(C)(C)C,219.15,18
2785,CCCC(C)(CC)CC,149.35,13
506,Nc1cccc(c1)C(=O)C,371.65,17
3016,CCCCCCCCCCC(=O)C,294.15,16
2955,CC1CSCCC1,213.15,9
2745,CC1SC(C)SC(C)S1,374.15,15
648,CCCC(O)C#C,193.15,10
1433,Oc1cc(C)c(C)cc1C,345.15,16
2353,CCCCC(=O)c1ccccc1,263.75,17
3170,Cc1cccc2NC=Cc12,278.15,15
1818,CCC(CC)C(C)C,158.25,12
2631,COC(=O)COc1ccccc1,518.15,17
1480,CCOC(O)C(Cl)(Cl)Cl,329.65,15
2231,Nc1ccc(cc1)C(C)(C)C,290.15,19
3090,N#Cc1nc(C#N)nc(C#N)n1,392.15,21
1385,FCCC,114.15,4
1792,O=N(=O)c1cccc(N)c1C,365.15,19
1555,ClCC=CCl,223.15,6
1760,O=C1OC(=O)C2(C)CCC1C2(C)C,494.15,25
2774,C#CC(N)(C)C,291.15,11
2674,O=C(O)CC=Cc1ccccc1,360.15,18
2727,Cc1ccc(cc1C)C(=O)c2ccccc2,320.65,25
2728,O=CN1CCCCC1,242.35,11
2544,C1CC2CCCC2C1,223.82,12
2034,ICCCCC,187.55,6
3309,CCOC(=O)c1cccc(Cl)c1O,294.15,20
712,NCCC,190.15,4
1750,CCC(Cl)(C)C,199.65,10
1626,Cc1cccc2cccc(C)c12,338.15,18
1798,O=N(=O)c1cccc(N(=O)=O)c1Cl,361.15,25
476,CCOC(=O)C(O)C,247.15,13
1424,COc1ccc(C)cc1OC,297.15,15
869,COCCOC,215.15,6
244,COC(=O)C(=C)C,225.15,13
2690,Fc1cc(F)c(F)c(F)c1,225.15,18
1148,Nc1ccccc1S,299.15,10
508,Cc1cccc(c1)N(=O)=O,288.65,18
111,O=C(Cl)Cl,145.25,7
2557,CCCCCCCCCCCCC1CCCCC1,285.65,20
924,ClCCCCCCCC,215.35,9
2652,O=C(C)O[Si](C)(C)OC(=O)C,260.65,21
2957,O=C(O)CC1CCCCC1,306.15,15
627,N#CCc1ccc(OC)cc1,281.15,16
2641,CCCCCCCCCCCCCCCc1ccccc1,295.15,23
3222,CC(C)C(C(C)C)c1ccccc1,248.65,21
2334,Clc1cc2C(=O)OC(=O)c2cc1Cl,461.15,23
1489,Cc1cc(C)c(C)c(C)c1,249.45,18
572,OC(C)(C)Cc1ccccc1,297.15,17
2051,C#CCCCCCC,193.85,9
226,O=C(Cl)C(C)C,183.15,11
637,NCc1ccc(C)cc1,285.65,13
2777,CC=C(C)C=CC=C(C)C,237.75,17
458,CNC(=O)NC,381.15,9
1524,COCc1ccccc1,220.55,11
751,OC(C)CC(C)C,183.15,11
2664,CCOC(=O)CNc1ccccc1,331.15,18
1972,CCOC(=O)CCCCCCCC(=O)OCC,254.65,23
2634,CC(C)c1cccc(C(C)C)c1O,291.15,21
1801,O=C1C=Cc2ccccc2N1C,347.15,18
2720,CO[Si](OC)OC,158.15,9
1795,Cc1ccccc1c2ccccc2C,292.65,18
2495,Ic1ccc(cc1)c2ccccc2,386.65,19
1458,O=C(O)CCCCCCC(=O)O,417.15,18
1498,CCN(C(=O)C)c1ccccc1,328.15,19
3303,CCCC(C1CCCCC1)C2CCCCC2,262.65,22
2789,BrC1=CC=C(Br)S1,267.15,13
1730,CC(C)CSCC(C)C,167.65,13
1839,c1ccc(cc1)Cc2cccc3ccccc23,332.65,25
2104,CC1=CC=CN1,237.55,10
2146,C1=CCCC=CCCC=CCC1,307.15,17
2255,CCCCCCCC(=O)C,265.65,13
2512,CCC1CCCC1,134.75,9
2700,Cc1ccc(O)c(c1)C(C)(C)C,324.65,22
685,OC1CCN(C)CC1,302.15,12
421,Nc1ccccc1N,375.65,10
2137,NCCCCCCCN,302.05,9
908,O=C(C)OCCOC(=O)C,242.15,16
2269,O=C1N(C)C(=O)N(C)C(=O)N1C,449.65,25
1332,NCCCCCCCCN,325.15,10
940,CCCCCCCCCCCCN(C)C,295.15,17
2182,CCOc1ccc(I)cc1,302.15,14
2850,C=CCC(C)CC,131.65,10
818,NCCCC,224.05,5
1080,Cc1ncc(C)nc1,288.15,12
1025,O=Cc1ccc2OCOc2c1,310.15,16
97,BrC(Br)Br,281.15,6
2375,Cc1cccc(c1)C(C)(C)C,231.75,19
2756,N#CCc1ccccc1Cl,297.15,13
2924,CCCCCCCCCCCCC(O)C,307.15,17
1140,CCc1ccccc1CC,241.95,12
906,OCCSCCO,262.95,7
3240,COc1ccc(O)c(c1)C(C)(C)C,324.15,23
944,ClCCOCCOCCCl,241.65,10
2447,Clc1cccc(c1)Nc2ccccc2,347.15,20
809,NCCCN(C)C,213.15,9
2914,BrCCCCCCCCBr,288.65,10
1888,Clc1ccc(C)c(C)c1,267.15,15
1190,CCCCCCCCCCCC(=O)O,572.05,17
174,COC(C)(C)OC,226.15,11
834,C1=CC=CN1,249.75,9
1948,CCOc1ccc(O)cc1,339.65,14
2011,Brc1cnccc1,245.85,9
923,CCCCCCCCC,219.65,9
830,CCNCC,223.35,5
98,BrC(C)C,184.15,6
113,FC(F)F,118.05,6
1591,CCP(CC)CC,185.15,9
422,Brc1ccccc1O,278.75,10
706,SCCC,159.85,4
2651,CC1=Cc2ccccc2C1,353.15,15
696,ClCC1OC1,215.95,7
485,ClC(Cl)(Cl)c1ccccc1,268.15,16
3224,NC(C)CCc1ccccc1,416.15,15
227,O=C(O)C(C)C,227.15,11
2502,N#CC=CC=C,213.15,9
1641,Nc1cccc2cc3ccccc3nc12,381.15,21
633,CCCCC(CN)CC,197.15,11
12,O=N(=O)OCC(CON(=O)=O)ON(=O)=O,286.65,29
2688,Brc1ccc(O)c(C)c1,337.85,15
1852,Cc1cnc2ccccc2c1,289.65,15
2665,Nc1cccc2CCCCc12,311.15,15
1701,OC1(C)CCCCC1,298.15,12
689,C=CC(=O)OCC(C)C,212.15,15
2117,ICCCCCC,198.95,7
2439,N#Cc1c(Cl)cccc1Cl,417.65,15
2013,Clc1ccncc1,229.65,9
2455,Cc1cc(O)c(cc1C)C(C)(C)C,319.15,23
390,CCC(=O)c1ccccc1,291.75,15
1741,ClCF,140.15,3
62,O=N(=O)c1ccc(F)c(c1)N(=O)=O,298.95,27
2430,ON=C1CCCC1,330.95,10
1658,O=C1CCCCC1C,259.15,11
938,CCOCCOCCOC(=O)C,248.15,15
2755,CCCCCCC(C)CCC,195.65,13
129,ClC(F)(F)F,92.15,9
3115,C=CC(C)(C)C(=O)O,267.15,16
1067,NCCCN1CCOCC1,258.15,12
2995,CC(Cc1ccccc1)c2ccccc2,325.15,21
1935,Cc1ccc(cc1)Nc2ccc(C)cc2,352.95,23
2877,CC1CC1(C)C,134.95,10
2205,CC(C)=CC=C(C)C,287.15,14
3275,CC(C)Cc1ccccc1C,199.85,15
7,O=C(C)Nc1ccc2c(c1)Cc3ccccc23,466.15,28
1996,CC(C)SC(C)C,195.05,11
1293,O=C(F)F,161.95,7
444,Cc1ccc(C)c(O)c1,347.95,15
1004,Clc1cccc(Cl)c1C,298.95,13
1956,OCc1ccc(O)cc1,397.65,13
1507,ClCC(=O)CCl,318.15,9
2738,COc1cc(Cl)c(OC)cc1Cl,407.15,18
960,OCCCCCCCCC=CC,279.15,13
72,BrC,179.45,2
3200,OCc1ccccc1Cl,346.15,11
3164,CCCCC(CC)CC,158.25,11
3033,Cc1cc(N)c2ccccc2n1,442.15,18
1151,OCC(C)CC,203.0,8
2225,CC=C(C)c1ccccc1,249.65,15
230,O=C(Cl)C(=O)Cl,257.15,12
383,C=CCc1ccc(OC)c(OC)c1,269.15,20
851,O=COCCC(C)C,179.65,11
882,N1CCOCC1,268.25,8
840,CC(C)(C)OOC(C)(C)C,233.15,18
1235,n1cnc2ccccc2n1,348.95,14
2540,N#CCCN(C)C,230.15,10
312,Cc1ccc(C(C)C)c(O)c1,324.65,19
2232,Fc1c(F)c(F)c(F)c(F)c1S,249.15,22
884,CC(C)CNCC(C)C,199.65,13
2882,NCCCCCCCCCCCCCCCCC,322.15,18
1428,c1ccc2CCCc2c1,221.75,13
2466,COC(=O)c1cccc(c1)C(=O)OC,340.65,24
2330,n1ccc(cc1)c2ccccc2,350.65,18
3017,O=C(O)C=C(Cl)C,334.15,13
3231,COC(=O)c1cccc(C)c1O,302.15,19
1157,OCCN(CC)CCO,223.15,11
389,COc1cc(C)ccc1O,278.65,14
369,Oc1ccc(cc1)c2ccccc2,439.15,19
427,Cc1ccc(Cl)c(C)c1,240.65,15
3248,ClC(F)C(Cl)Cl,273.15,10
2585,CCCCC#CCCCC,200.15,11
584,c1ccc(cc1)Oc2ccccc2,299.95,19
309,COC(=O)c1ccccc1C,223.15,16
2614,Clc1ccc(cc1)c2ccc(Cl)cc2,422.45,22
254,Brc1ccc(Br)c2ccccc12,356.15,18
2313,CCC#CCC,170.15,7
2862,NCc1ccc(Br)cc1,293.15,13
2200,C=CC(Cl)CCl,212.15,9
2390,O=C(O)CN(C)C,458.65,12
2963,CC1CCCC(C)C1O,305.65,13
2653,CCCCCCCCc1ccccc1,237.15,16
1476,CCC(S)C,108.15,7
683,Nc1ccc(C)cc1,316.85,12
1908,COC(=O)CC(=C)C(=O)OC,311.15,20
2580,N#Cc1c(Cl)c(Cl)c(Cl)c(C#N)c1Cl,523.15,26
2518,CCCCCCC(=O)c1ccccc1,289.55,19
2582,C1CCN(CC1)CCN2CCCCC2,272.65,20
1561,O=C(N)OCC(C)C,340.15,13
2143,COc1ccc(O)c(C=O)c1,277.15,18
1564,CCCCOC(=O)NC,332.15,12
1268,Fc1cccc2ccccc12,264.15,15
140,N#CC(O)(C)C,254.15,11
612,O=CNc1ccccc1,319.15,12
2320,C1=CCCCCCC1,261.15,11
1536,SCCS,231.95,4
2600,C=Cc1ccccc1Br,220.65,12
1243,C1CC2CCCC(C1)C2,418.65,15
36,S=C1NC=CN1C,419.15,11
2562,Oc1ccccc1c2ccccc2O,382.15,18
246,O=N(=O)c1c(C)cccc1C,288.15,19
2558,CCCCCCCCCCCCCCC1CCCCC1,297.15,22
1203,O=Cc1cccc(OC)c1O,317.65,16
551,N#Cc1ccccc1,260.45,11
1447,O1CCC1,176.15,6
1103,CCCCCCCCCCCCCC(=O)OC,568.15,20
370,c1ccc2Cc3ccccc3Oc2c1,373.65,20
2939,CC=C(C)C(C)C,159.75,12
3007,CCCCC(O)C(=O)O,334.15,14
2391,C=CCOC(=O)CC(=O)C,188.15,17
797,O=C1C=COC=C1,305.65,12
951,OCCOCCOCCOC,229.15,11
1292,FCC,129.95,3
776,COC(=O)CC(=O)OC,211.25,15
1877,Cc1ccc2N=CCc2c1,333.15,15
1184,CCCCCC(=O)O,478.35,11
1523,CCCCCc1ccccc1,198.15,13
1975,Ic1ccc(I)cc1,404.65,12
2372,CCCc1ccccc1C,212.85,12
969,OCCOCCOCCOCCO,266.95,13
2911,BrCOCBr,239.15,5
971,CCCCCCCCC=CCCCCCCCC(=O)OC,622.0,25
654,CCC(C)OC(=O)C,174.25,13
2888,CC(C)SSC(C)C,204.15,12
245,CN1CCN(C)C1=O,281.35,13
1522,c1ccc(cc1)N=Cc2ccccc2,327.15,21
559,OCc1cnccc1,266.65,10
1463,O=C(Br)C,177.15,7
2825,Nc1cc(C)nc(C)c1,465.65,15
679,Sc1ccc(C)cc1,316.15,12
2469,Cc1ccc2cccc(C)c2n1,300.15,18
3102,FF,53.54,2
2385,C#CC(Cl)(C)C,212.15,11
589,O=C(Oc1ccccc1)Oc2ccccc2,356.15,23
25,ClC1C(Cl)C(Cl)C(Cl)C(Cl)C1Cl,385.65,22
3274,C=CCOC(CN1C=NC=C1)c2ccc(Cl)cc2Cl,325.85,30
1592,COc1cccc(c1)N(=O)=O,311.65,19
2622,Clc1cccc(c1)c2ccccc2,289.15,19
892,O=C(C)OCCOCCOCCOC(=O)C,223.15,22
2808,C1CCC(CC1)CCC2CCCCC2,284.65,20
575,Oc1cccc(c1)Nc2ccccc2,354.65,20
8,CN1CCCC1c2cnccc2,194.15,16
2555,CCCCCCCCC1CCCCC1,253.15,16
1654,O=N(=O)c1ccc2ccccc2c1,352.15,21
766,Sc1cccc(C)c1,253.15,12
2446,Cc1cccc(c1)Nc2ccccc2,303.15,20
1563,ClCCCCC,174.15,6
2071,N#CCCCCCCCCCCCCCCC,304.15,18
1635,Clc1cccc(O)c1Cl,331.15,13
953,CCCCCCCCCCC(=O)O,553.15,16
2667,C=CC(Cl)(Cl)Cl,243.15,11
3158,ClC(Cl)C(Cl)C(Cl)Cl,263.15,14
1630,Oc1ccc2ccccc2c1Br,357.15,16
2894,O=C(Cl)N(C)c1ccccc1,361.65,18
329,C1CCC2N(C1)CC3CC2CN4CCCCC34,303.65,27
298,O=N(=O)c1ccccc1Cl,305.65,16
989,CCS(=O)(=O)C(C)(C)S(=O)(=O)CC,398.95,29
2019,CCCCC(=O)N,379.15,10
1725,C=CCCC=C,132.45,8
2979,CCCCCCCOC(=O)CCCC,226.75,17
778,CCOC(=O)CC(C)C,173.85,14
327,Oc1cccc2ccccc12,368.15,15
3093,CC(C)(C)OCC1OC1,203.15,15
2326,O=C(O)CCC1=CC=CO1,331.15,17
701,C=CCC,87.85,5
2064,N#CCCCCCCCCCCCC,282.85,15
672,Brc1ccc(Br)cc1,360.45,12
375,O=C(C)c1ccc(cc1)c2ccccc2,394.15,24
2413,CC1=NN(C=C1)c2ccccc2,310.15,20
1830,Cc1ccc(C(=O)O)c(C)c1,363.15,20
3227,O=C(C)Oc1ccc(C)c(C)c1,295.15,21
2970,O=C(CCc1ccccc1)CCc2ccccc2,286.65,25
448,O=C1OC(=O)C(Cl)=C1,306.15,17
1126,C=C1CCC2CC1C2(C)C,211.65,17
1038,CCOc1cc(C=O)ccc1O,350.65,17
2381,c1ccc(cc1)CCCc2ccccc2,279.15,21
202,C=CC(=O)C,267.15,9
1642,CCc1ccccc1N,226.65,11
1632,Cc1ccc2cccc(C)c2c1,259.25,18
1639,CC1CCC2C1C3C(CCC2(O)C)C3(C)C,378.15,28
896,OCCCCCC,228.55,7
2672,O=C(O)c1ccccc1Oc2ccccc2,386.15,23
225,CC(C)C(C)C,144.35,10
2931,CC1CCC2CC1C2(C)C,220.15,16
974,BrCCCCCCCCCCCCCC,278.75,15
28,O=NN1CCOCC1,302.15,11
2813,O=C(O)C1CCCC1,266.15,13
3226,CCCCCCCCCCCCCCCCCC(=O)OCC(O)CO,347.15,30
1423,C1CNC(CC1)c2cnccc2,282.15,18
257,CCCCOC(=O)c1ccccc1C(=O)OCCCC,238.15,28
1940,ClCCc1ccccc1,213.15,11
404,CCNc1ccccc1C,258.15,12
3246,OCCCCCCCC(C)C,278.15,13
1259,C=CCc1ccccc1,233.15,12
3063,CCOC(=O)CC(=O)C(C)C,264.15,19
1568,N#CCCCC#N,244.15,9
2251,BrCC=CCBr,326.55,7
361,Nc1ccc(cc1)C2=Nc3ccc(C)cc3S2,467.95,28
3268,O=C(OC(Cl)(Cl)Cl)OC(Cl)(Cl)Cl,352.15,23
1836,Clc1cccc2cccnc12,253.15,15
907,N1CCCCCC1,236.15,9
732,CC(C)(C)SC(C)(C)C,264.15,17
541,CN(C)c1ccc(cc1)N(C)C,324.15,20
758,O=C1CCC(C)N1,316.15,12
1864,COc1ccc(C=O)c(OC)c1,345.15,19
328,CCC(C(=O)O)c1ccccc1,320.65,19
705,O=CC=C,185.45,6
1938,CCCc1cccc(O)c1,299.15,14
2807,O=C=Nc1ccccc1Cl,303.65,14
2565,CCCCCCCCOc1ccccc1,281.15,17
843,O=C(O)C=CC(=O)O,403.65,15
628,CCCCc1ccccc1,185.25,12
80,CCC,85.55,3
2560,CC1CC(C)CC(C)C1,165.75,15
1866,c1ccc(cc1)Cc2ccc3ccccc3c2,331.15,25
2475,O=C1CCCCC1C2=CCCCC2,195.15,19
518,CCC(C)c1ccc(O)cc1,334.65,17
1833,C=Cc1ccccc1C,204.65,12
2523,CCCC1CCCCC1,178.25,11
1924,OCC(CO)ON(=O)=O,327.15,15
1311,COC(=O)C(F)(F)C(F)(F)C(F)(F)F,187.15,29
2543,O=C(N)OC(C)C,366.15,12
583,C1CCC(CC1)NC2CCCCC2,273.05,19
2742,O=S(=O)(F)F,137.33,11
2242,FCC(F)(F)F,172.15,10
65,OCCCCC,194.25,6
1095,O=C(C)OCCC(C)C,194.65,14
2431,C=C1CCCCC1,166.45,10
3151,CC=CCCCC,163.65,8
828,OCCOC,188.05,5
2499,Nc1ncc(C)cc1,349.65,12
3004,CCCCCCCCCCCCCCCC1CCCCC1,302.15,23
10,Oc1cccc(c1)C(O)C(N)C,380.65,20
1369,O=C(Cc1ccccc1)c2ccccc2,333.15,22
915,OCCCCCCC,239.15,8
3054,CCCCCCCCC(C)C,224.25,13
300,O=N(=O)c1ccccc1O,317.95,16
1343,Fc1cccc(c1)N(=O)=O,314.15,18
1859,c1ccc(cc1)c2ccc3ccccc3n2,359.15,24
959,C=CCCCCCCCCCO,271.15,13
2008,Brc1cc(Br)cc(Br)c1,395.95,15
2644,ClC(Cl)c1c(Cl)c(Cl)c(Cl)c(Cl)c1Cl,392.65,26
3284,Cc1ccc2cnccc2c1,358.65,15
1143,c1ccc(cc1)Nc2ccc3ccccc3c2,381.15,25
2547,O=C(O)C1CC1,291.65,11
2662,CCCCCCCOC(=O)CC,222.25,15
2130,Ic1cccc(c1)N(=O)=O,311.65,18
2367,CC(C)CCCCC(C)C,218.25,14
653,COC(=O)CC(=O)C,300.65,14
2434,OC1CCCCC1(C)C,281.15,13
200,CCC(O)C,158.45,7
469,OCCN(C(C)C)C(C)C,234.15,16
857,ClCC=CCCl,275.15,7
741,OCCC(O)C,223.15,8
2932,CCC1CCC1,130.25,8
1858,c1ccc(cc1)c2ccc3ccccc3c2,376.65,24
3114,CC(C)c1cc(C)c(C)cc1C,294.15,20
3059,CCCCCCCCCCCCCCC(=O)OC,581.15,21
122,BrC(F)(F)F,101.15,9
1513,Nc1ccccc1Nc2ccccc2,352.65,18
1367,C1=Cc2ccccc2CC1,265.15,15
1683,CCCC(=O)CC,217.65,10
2763,CCCCCCc1ccc2ccccc2c1,270.15,20
2318,CCC1CCCC1C,167.15,10
1657,Brc1ccccc1I,282.65,10
1301,FC(F)C(F)(F)F,170.15,13
1448,O=C(Cl)OC(Cl)(Cl)Cl,216.15,15
360,c1ccc(cc1)c2cccc(c2)c3ccccc3,360.15,28
2987,CCCCC(O)(C)CC,190.15,13
1415,CC(C)C1=CC(=O)C(C)=CC1=O,318.65,24
2778,ClC=CBr,186.45,5
263,COc1ccccc1c2ccccc2,302.15,18
929,ClCCOCOCCCl,241.15,9
1137,O=C(c1ccccc1)C(=O)c2ccccc2,367.95,26
1548,O=C(C)OC(C)OC(=O)C,292.05,18
374,Nc1ccc(cc1)c2ccc(N)cc2,393.15,22
1752,C=C(C)C(C)(C)C,163.25,14
1344,Fc1ccc(cc1)C(=O)C,228.15,17
1020,COc1ccc2NCCCc2c1,315.65,16
2426,CCCC=CC(=O)O,309.65,12
737,BrCCC(C)C,161.15,8
207,ClC=C(Cl)Cl,188.45,8
3173,OCc1ccc(C)cc1C,295.15,14
2169,O=C1C=CC=CN1C,304.15,13
2164,CCCCCCCCC(=O)C,287.15,14
1566,CC(C)CCSCCC(C)C,198.55,15
342,c1cnc2ccccc2n1,301.15,14
815,C=CCCC,107.95,6
1487,Oc1ccc(C)c(C)c1C,354.15,16
522,CC1=CCC(=CC1)C(C)C,263.15,18
2212,C#CCCCCCCCCCCCCCCCCCC,309.15,21
2490,C=CC=CC,132.35,7
2142,c1ccc(cc1)C2=NC=CN2,422.45,19
1481,CCC1=C(C)NC=C1C,273.15,15
1230,c1ccc2c(c1)ccc3cccnc23,325.15,22
2203,CCCC(=C)C,137.45,9
2997,BrC=C(Cl)Cl,184.65,8
1806,COc1c(Br)cc(Br)cc1Br,361.15,17
2021,CCCOC(=O)N,333.15,10
759,O=C1CCC(=O)O1,392.15,13
273,O=C1OCc2ccccc12,348.15,15
3008,CCCCC(=C)C,170.35,10
1765,CCCC(O)(C)CCC,191.15,13
635,BrCc1ccc(C)cc1,308.15,13
1312,CC[Si](F)(F)CC,194.45,11
1926,CCc1cccc(Cl)c1,218.15,13
1832,CCc1ccccc1C,192.35,11
2974,Cc1ccc(cc1)NCc2ccccc2,292.65,21
1132,c1ccc2c(c1)Oc3ccccc23,359.65,21
3120,C1CCC2CCCCC2N1,233.15,14
823,N#CCCO,227.15,6
317,CCc1ccccc1Cl,190.45,11
3297,CC#CCC(C)C,180.25,10
2462,CCOC(=O)C(=O)Nc1ccccc1,338.65,22
440,Nc1ccc(C)c(N)c1,372.15,15
222,CCN(=O)=O,183.65,9
1194,BrCCCCCCCCCCCC,263.65,13
2698,CC1CCCC(C)(C)C1=O,241.35,17
2601,O=C(C)c1cc(C)c(C)cc1C,283.65,21
754,CC(C)OC(C)C,186.35,11
2867,Cc1ccc(c(C)c1)c2ccc(C)cc2C,314.15,26
2017,ON=CCC(C)C,321.65,10
73,ClC,175.45,2
2379,CCCCCCCc1ccccc1,225.15,15
2736,CCCCCCOC(=O)CCC,195.15,15
292,Clc1ccccc1C(F)(F)F,267.15,17
197,CCC(Cl)C,133.15,7
1838,Clc1ccnc2ccccc12,307.65,15
827,NNCCO,203.15,5
3177,CCC(C)CC(C)(C)C,153.15,15
2489,Clc1ccc(O)c(C)c1,324.15,15
1933,CCc1ccc(cc1)Cc2ccccc2,249.15,21
2998,CCCCCCCOC(=O)CCC,215.65,16
1675,CCc1cccc(N)c1,209.15,13
2985,CCOC(=O)N1CCN(CC1)C(=O)OCC,320.15,26
1233,n1ncc2ccccc2c1,363.65,14
2561,OCc1ccc(Cl)c(Cl)c1,309.15,16
2589,CCCCCC(Br)C,320.15,10
1001,COCCOC(=O)c1ccccc1C(=O)OCCOC,228.15,28
2695,CCCCCCCCCCCCCCCCCCCCc1ccccc1,317.15,28
241,COS(=O)(=O)c1ccc(C)cc1,301.65,22
2170,CCC1CCC(=O)O1,255.15,13
2337,ClC(=Cc1ccccc1)c2ccccc2,326.65,22
75,NC,179.75,2
3304,CC(C)(C1CCCCC1)C2CCCCC2,288.75,23
933,CCCCCCCOC(=O)C,222.95,14
1411,Oc1cc(C)c(C)c(C)c1C,358.45,19
2618,CCCCCNCCCCC,265.3,11
1299,ClC(F)C(Cl)(F)F,195.15,13
2067,BrCCCCCCCCCCCCCCC,292.15,16
2451,C#CC(C)C(C)C(C)C(C)C(O)C(O)CC,310.65,29
1096,CCCCCCCCCCCCCCCCCC(=O)OCCCC,300.15,27
105,ClC(Cl)C,176.25,6
590,CCc1cc(CC)cc(CC)c1,206.65,18
2977,Clc1nc(Cl)cc(C)n1,319.65,15
1003,CCOC(=O)c1ccccc1O,274.15,17
2339,c1ccc(cc1)C2=CC=C(O2)c3ccccc3,364.15,29
2811,ClCCCCCCCCCCCCCCCCCC,301.75,19
905,CCCSCCC,170.65,7
2010,Clc1cc(Cl)cc(N)c1,325.15,15
1479,O=C(C)C(O)C,288.15,11
2792,ClC1=CC=C(Cl)S1,232.65,13
205,N#CC(O)C,233.15,8
1485,Cc1cccc(C)c1C,247.75,13
647,CCCC(C)CO,166.15,9
3108,O=S(=O)(Cl)Cl,219.05,11
93,O=CN,275.7,4
3161,CCCCC#CCC,169.25,9
1796,CCOCCOC(=O)c1ccccc1C(=O)OCCOCC,307.15,30
165,COC(F)(F)C(Cl)Cl,238.15,14
2494,COC(=O)CC(O)(CC(=O)OC)C(=O)OC,352.45,29
1407,OC1C2CC3OC1C(C3)N2C,381.65,19
23,ON=C(C)C(=O)C,349.95,13
3140,CC1=CC=C(S1)C(=O)C,300.65,18
47,O=C(O)C,289.75,7
208,O=CC(Cl)Cl,235.65,8
2277,C=CC(OC(=O)C)OC(=O)C,235.55,20
636,ClCc1ccc(Cl)cc1,304.15,13
2839,CC=CC(C)CC,147.45,10
2304,COC(=O)C=C(C)C,387.15,14
195,O=CC(C)C,207.25,8
3253,CC1CC(=O)C(C)(C)C1,232.55,18
2458,CCC1=CCCCC1,163.25,11
1069,CCCCCCCCCCCCCc1ccccc1,283.15,21
164,OCC(F)(F)C(F)F,258.15,14
3035,Clc1cc(Cl)c(C)cc1Cl,355.55,16
2202,C=CCC(C)(C)C,136.55,12
1756,O=N(=O)C(C)(C)C,299.38,15
418,Clc1ccccc1N,259.15,10
726,C=CC[Si](Cl)(Cl)Cl,308.15,12
1549,ClC1CCCCC1,229.15,9
2105,CCOC(=O)c1cccc(c1)C(=O)OCC,284.65,26
1990,C=CCC(=O)O,238.15,10
1903,CC1=CSC=C1,204.15,10
646,OCc1ccc(OC)cc1,298.15,14
1842,COc1ccc(cc1)C(=O)c2ccccc2,334.65,25
2208,C#CCCCCCCCC,229.15,11
3278,NC1CC(C)(C)NC(C)(C)C1,290.15,21
1250,n1ncccc1,265.15,8
497,Clc1ccc(cc1)C(F)(F)F,240.15,19
1348,FC(F)(C)C,168.35,9
387,C=CCc1ccc(OC(=O)C)c(OC)c1,303.65,25
871,C=COCCCl,203.15,7
115,CN(C)C,156.05,6
3135,CC(C)C(C(C)C)C(C)C,191.45,18
527,Nc1ccc(cc1)C(=O)C,379.15,17
1998,CC1=CC=C(C)O1,210.35,13
189,CCC(C)C,113.25,7
2535,Cc1nccc2ccccc12,283.15,15
2639,O=C(C)Nc1ccccc1c2ccccc2,394.15,23
825,SCCCS,194.15,5
1229,c1ccc2c(c1)ccc3c4ccccc4ccc23,531.35,28
1754,O=C(O)C(O)(C)C,355.65,14
1585,COc1ccc(Cl)cc1Cl,301.65,14
2545,CC1OC1C,193.15,7
1879,COc1ccc(N)cc1N,340.65,14
1201,Brc1cc(Br)c(N)c(Br)c1,395.15,18
1710,Clc1cc(Cl)cc(O)c1,341.15,15
1380,OCc1ccc(F)cc1,296.15,13
86,NCC,192.65,3
1300,FC(F)C(Cl)(F)F,156.15,13
1941,OCCC1CCNCC1,405.65,11
160,ClC(F)(F)C(Cl)(F)C(Cl)(F)F,201.15,23
889,CCCCCCC(=O)O,495.35,12
2422,OCC(C)(C)CC,258.15,11
2044,ClCCCCCCl,200.35,7
2454,Clc1ccc(Cl)c(Br)c1,308.15,15
990,FC1(F)C(F)(F)C(F)(F)C1(F)F,233.05,26
1033,Clc1ccc(O)c(Cl)c1,318.15,15
3294,ClC1=NN(C)C(C)=C1,320.65,16
2433,O=C1CCCC(C)=C1,252.15,14
1009,O=C(C)c1ccccc1O,278.15,15
1435,COc1cc(ccc1O)C(=O)C,388.15,19
1323,N#Cc1cccc(c1)C(F)(F)F,287.65,21
1735,CCCCCCCCCCCC(=O)C,303.65,17
1597,COCCC,133.97,5
1898,CCC(Cl)CC,168.15,8
802,Cc1ncccc1,206.45,9
621,O=CCc1ccc(C)cc1,313.15,15
902,CCCOCCC,147.05,7
2750,OCCOCCC,183.15,7
3025,OC1CCc2ccccc12,327.95,14
1878,CCOC(=O)C1=CC=CO1,307.65,17
2138,CCCCCCCCCCCCCCCCCCCCCCCC,327.15,24
795,O=C1CCCCC1,242.15,10
3318,CCCC#CCCCCCC,198.45,12
3123,ClC1CCCCC1Cl,271.65,10
606,CCOC(=O)C=Cc1ccccc1,280.15,19
2860,CCOC(=O)c1ccc(OC)c(OC)c1,316.65,24
2001,O=C1CCCC(C)C1,199.65,13
1557,ClCOCCl,231.65,5
156,ClC(Cl)(F)C(Cl)(Cl)F,299.15,16
991,OCC(CO)(CC)CC,334.65,13
272,COc1c(Cl)cc(Cl)cc1Cl,334.65,17
3159,OCCc1ccccc1N(=O)=O,275.15,18
3127,ClN,611.15,2
2352,c1ncc(cc1)c2ccccc2,437.15,18
184,CCO[Si](C)(C)OCC,186.15,13
2701,Cc1ccc(C)c(O)c1C,331.15,16
2513,BrCCC1CCCCC1,216.15,11
479,CCCCOC(=O)C(=C)C,198.15,16
1449,O=C(O)CC(C)C,243.85,12
715,N#CC=C,189.65,6
578,Brc1ccc(cc1)Oc2ccccc2,291.87,20
2898,CCCCCC1CCCCC1,215.65,13
125,SC(C)(C)C,272.65,9
60,O=CN(C)C,212.75,8
376,O=N(=O)c1ccc(cc1)c2ccccc2,387.15,25
2103,CCOC(=O)c1ccc(cc1)C(=O)OCC,317.15,26
1579,Fc1ccc(F)c(F)c1F,231.15,16
2047,CCCCCCCC(O)C,237.65,12
483,O=CC1=CC=CO1,236.65,12
709,ClCCCl,237.65,4
1234,n1cnc2ccccc2c1,321.15,14
577,Nc1ccc(cc1)Nc2ccccc2,339.15,20
2912,CC1CCC(C)(C)C1,130.75,14
3091,CCCC=CCC,136.55,8
904,OCCOCCO,262.75,7
598,CCCCN(CCCC)CCCC,203.15,15
1577,COC(=O)C(O)C,207.15,12
833,O=COCC,193.55,6
1550,O=C1OCCCC1,260.65,10
3237,CCc1cccc(C)c1N,240.15,14
645,CCc1ccc(CC)cc1,230.32,14
585,CCOC(=O)Cc1ccccc1,243.75,17
651,C=COC(=O)CC,193.15,11
2682,COC(=O)C(CC)c1ccccc1,350.65,20
2095,Clc1cc(C)c2ccccc2n1,332.15,18
1083,O=C(C)CC(O)(C)C,229.15,15
1721,C=C=CCC,135.85,7
566,C=Cc1ncccc1,223.15,11
1718,C=CCCC(=O)O,250.65,11
1570,CCCCCCCCCCCCCC(=O)O,599.35,19
1051,Cc1ccc(cc1)C(=O)C,301.15,17
2210,BrCCCCCCCCCCCCC,279.35,14
2719,ClCCCCCCCCC,233.75,10
3229,CCC(=C)Br,139.75,8
400,CCOC(=O)c1ccc(N)cc1,365.15,19
2761,CCN(CC)c1ccc(Cl)cc1,318.65,18
2928,S1CCCCCC1,273.65,9
888,CCCCCCC(=O)C,257.15,12
38,CC1=CC(=O)N(c2ccccc2)N1C,387.15,24
1828,CCOc1ccccc1N(=O)=O,275.35,18
1757,CC(C)(C)C(C)(C)C,373.85,16
2461,SCCCCCCCCC,253.05,10
2956,COc1ccc2ncccc2c1,299.65,16
2237,O=C(N1CCCCC1)c2ccccc2,322.15,21
138,OCC(C)(C)C,325.65,10
617,CN(C)Cc1ccccc1,198.15,14
1746,ClC(Cl)(Br)Br,311.15,9
1016,COc1cc(ccc1N)c2ccc(N)c(OC)c2,410.15,28
2948,CCCCc1ccccn1,370.15,12
2275,Oc1ccccc1C2=Nc3ccccc3O2,396.65,23
3301,CCOc1cccc(c1)c2ccccc2,308.15,21
2314,CCCCCCCC(=O)CC,275.65,14
1737,CCCCCCCCCCCCCCCCCCCCCCCCCCC,332.65,27
2817,IC1=CC=CS1,233.15,10
528,Cc1ccc(cc1)N(C)C,245.58,16
352,Cc1ccc2ncccc2c1,251.15,15
1199,OCC(C)(C)C(O)C(C)C,324.65,18
1516,C#Cc1ccccc1,228.35,11
206,ClCC(Cl)Cl,236.55,7
1180,C1=CCCC1,138.05,8
1595,C=CCI,173.85,5
560,CNC1CCCCC1,264.65,10
1532,Fc1ccc(F)cc1,260.15,12
571,COc1cccc(C)c1,226.15,13
2673,N#CCCCOc1ccccc1,318.65,15
212,C=CC(=O)N,357.65,9
1953,CCc1ccc(Cl)cc1,210.55,13
3190,Cc1cc(C)cc(c1)c2ccccc2,295.65,22
2052,ClCCCCCCC,203.65,8
2878,CCc1cc(c(O)c(c1)C(C)(C)C)C(C)(C)C,317.15,33
1729,FCCCCC,153.15,6
1943,CCCc1ncccc1,275.15,11
1617,O=C(N)C(C)C,401.15,11
1120,C=CC(=C)Cl,143.15,9
1382,COc1ccc(F)cc1,228.15,13
2487,SC1CCCCC1,189.64,9
2788,BrC1=CSC=C1Br,277.65,11
346,CCCCN(C(=O)C)c1ccccc1,297.65,21
1951,CCc1ccc(C)cc1,210.85,13
2694,C#CCCCCCC#C,245.85,11
788,Brc1ccccc1,242.55,9
146,O=C(O)C(C)(C)C,308.15,14
3105,BrP(Br)Br,231.65,6
3009,O=N(=O)CCc1ccccc1,250.15,17
489,Nc1cccc(c1)C(F)(F)F,278.65,19
563,ON=C1CCCCC1,363.15,11
1115,BrC(F)(F)C(Br)(F)F,162.75,16
2896,ICCCCCCCCCCCC,273.45,13
1466,ClC(C)(C)C,247.15,9
1794,c1ccc(cc1)c2cccc3ccccc23,318.15,24
2633,CC(C)c1ccccc1Cl,198.75,14
2157,CC=CC(C)(C)C,157.95,12
2453,Clc1cc(Cl)c2c(Cl)c(Cl)cc(Cl)c2c1Cl,391.45,28
1971,CCCCCCC(=O)CCC,264.15,14
1363,Oc1ccccc1C(F)(F)F,318.65,17
1093,CCCCOC(=O)C,195.15,11
252,O=N(=O)c1cccc(C)c1C,288.15,19
985,C=CC(O)(C)C,245.15,11
967,CCCCCCOCCCCCC,230.15,13
2107,Ic1ccc(cc1)N(=O)=O,447.85,18
2863,Brc1ccc(O)c(Cl)c1,323.65,15
691,CCCCCC(=O)CC,250.15,12
1734,CCCC=CCCC,183.15,9
668,CCCCCCCC(=O)OCC,481.65,15
288,Clc1cc(Cl)c(O)c(Cl)c1,342.15,18
3165,CCCCC(C)CCCC,185.45,12
2781,OCCN1CCCCC1,291.05,11
546,C=CC1CC=CCC1,164.25,12
2216,O=C(C)C1CC1,204.85,11
161,FC(F)(F)C(F)(F)C(F)(F)F,125.55,23
2660,CCCCC(C)CCC,159.85,11
3024,Cc1ccc2nccnc2c1,491.65,15
3199,Clc1ccc(O)c(Cl)c1C,331.15,16
808,C=COCC(C)C,161.15,10
59,O=S(=O)(C)C,382.15,11
463,ClC1=CC=CS1,201.25,10
1803,O=CN(c1ccccc1)c2ccccc2,346.65,22
1350,ClCC(Cl)(F)C,181.45,10
1580,Clc1cc(Cl)c(C)c(Cl)c1O,319.15,19
262,O=N(=O)c1ccccc1c2ccccc2,310.35,23
399,O=C(Oc1ccccc1)c2ccccc2,344.15,22
3103,ClCl,172.15,2
191,C#CC(=C)C,160.15,9
765,Oc1cccc(C)c1,284.95,12
2610,CCOc1ccccc1OCC,317.15,14
2624,c1ccc(cc1)CN2C=CC=C2,288.15,20
460,ClCC(=O)OC,241.05,9
163,BrC1C(=O)C2(C)CCC1C2(C)C,350.15,23
2854,NC(C)C(C)(C)C,253.15,13
2686,CCCCCCCCCCCCCC(=O)C,312.65,19
2472,COC(=O)CCCCCCCCCCCC(=O)OC,309.15,25
504,O=C(O)C1CCCCC1,304.65,14
1260,NN,275.15,2
1024,O=C(OCCOCCOC(=O)c1ccccc1)c2ccccc2,306.65,33
2329,COc1cccc2cccnc12,322.65,16
3128,Clc1ccc(cc1Cl)C(Cl)(Cl)Cl,298.95,20
3306,BrC=C(Br)CC,223.65,9
1318,Fc1ccc(F)c(c1)N(=O)=O,261.45,21
2980,CCCCCCCCOC(=O)CCCC,230.85,18
2227,C=CCCc1ccccc1,203.15,13
1541,CCCC(=O)N,387.95,9
1810,Cc1cccc(C)c1I,284.35,13
367,Brc1ccc(cc1)c2ccccc2,364.65,19
1862,c1ccc2Cc3ccccc3Cc2c1,384.15,20
1254,C1CCCCCC1,265.15,9
1378,CCCC1NCCCC1,271.15,11
1733,C=CCSCC=C,188.15,9
708,C=CCCl,138.65,5
1837,Nc1cccc2ncccc12,383.15,15
2133,CCCc1ccc(O)cc1,295.15,14
2710,C=CCCCCCCCCCCC,260.15,14
3298,CCC1(C)CC1,142.95,10
2608,CCOC(=O)CCCCCCC(=O)OCC,279.05,22
3315,CCC(O)(C)CCCC(C)C,304.65,17
2408,Oc1ccc2CCCCc2c1,330.15,15
2571,COC(OC)(OC)OC,268.15,13
2819,OCCN1CCCC1=O,293.15,12
439,Clc1ccc(C)c(N)c1,299.15,15
2953,CC1CCSCC1,245.15,9
2249,CCOC(=O)CCCC(=O)OCC,249.05,19
2306,CCCCCCC(=O)CC,265.15,13
1066,OCCOc1ccccc1,287.15,12
806,CCCCOC(=O)CCCCCCCCC(=O)OCCCC,263.15,28
296,CC(C)c1ccccc1O,288.65,14
747,CCCN(=O)=O,165.15,10
424,Cc1ccc(C)c(C)c1,229.35,15
119,CC1OC1,161.25,6
2919,Cc1ccc2Nc3ccccc3c2c1,481.65,20
1843,Cc1ccc(cc1)C(=O)c2ccc(C)cc2,369.65,27
2264,O=C1CC(C)(C)NC(C)(C)C1,309.15,22
3131,CN1N=Nc2ccccc12,337.65,15
1554,ICCCC,170.15,5
55,OC(C)C,183.65,6
3061,CCCC(C)=C(C)C,158.05,13
2062,CCCCCCCCCCCCC,267.85,13
1215,CCOc1ccc(N)cc1,275.55,14
1295,ClC(Br)(F)F,113.65,9
1239,c1ccc2NSNc2c1,316.15,13
447,Clc1cc(Cl)c(Cl)cc1Cl,412.65,16
782,Clc1cc(Cl)cc(Cl)c1,336.65,15
2961,Brc1ccc2ncccc2c1,297.15,15
2424,CCCCOC(=O)CC(=O)OCCCC,190.15,21
1124,O=S(=O)(c1ccccc1)c2ccccc2,401.65,25
2188,ClC1=C(Cl)C(Cl)(Cl)C(Cl)(Cl)C1(Cl)Cl,313.15,28
2687,CC1=NCCS1,172.15,9
398,O=C(OC(=O)c1ccccc1)c2ccccc2,315.65,27
2012,CC1CCNCC1,269.15,9
963,OCCOCCOCCOCC,254.45,12
321,COc1ccccc1N,279.35,11
2295,c1ccc(cc1)SSc2ccccc2,335.15,20
2240,CC(=Cc1ccccc1)c2ccccc2,355.15,22
265,N#Cc1cccc2ccccc12,310.65,17
3169,Clc1cnc(Cl)c(Cl)c1,322.15,15
2514,ClCC(Cl)(F)F,171.95,10
3236,CC(C)c1cccc(C(C)C)c1N,228.15,21
2954,CC(C)C(O)C(C)(C)C,260.15,17
2744,CC(C)Oc1ccccc1,240.15,14
326,Ic1cccc2ccccc12,277.35,15
1942,ON=Cc1ccccc1,308.15,12
2530,COc1ccccc1Oc2ccccc2,352.15,19
3225,CCc1ccc2CCCCc2c1,203.15,16
1545,Clc1cccc(Cl)c1,248.35,12
931,COCCOCCOC,205.15,9
1287,Fc1ccc(C)cc1,217.15,12
2291,Oc1ccc(C(=O)C)c(C)c1,401.15,20
1670,COc1cccc(c1)C(=O)C,368.65,18
2855,CC(C)C1CCCC1,161.75,12
2646,Cc1ccc(C)c(c1)C(=O)C,255.05,20
2829,N#CCc1ccc(N)cc1,319.15,15
1776,NC(C)C(C)C,223.15,10
988,CC[Si](Cl)(Cl)Cl,167.55,10
516,O=N(=O)c1cccc(c1)N(=O)=O,363.15,24
2643,Clc1ccccc1C(Cl)(Cl)Cl,302.55,17
2981,NC1CCCCCCC1,225.15,11
2975,BrC(C)C(Br)C,249.15,10
2043,N#CCCCCC,192.85,8
1128,Cc1cc(c(O)c(c1)C(C)(C)C)C(C)(C)C,344.15,32
415,Oc1ccccc1C,302.95,10
1352,BrCC(F)(F)F,179.25,10
2154,FC(F)=C(F)C(F)=C(F)F,141.15,20
916,O=CCCCCCC,229.85,9
1747,ClC(Cl)(C)C,239.35,9
486,FC(F)(F)c1ccccc1,244.05,16
3186,N1CCC(CC1)CCCC2CCNCC2,340.25,21
2492,Cc1ccc(cc1)Oc2ccc(C)cc2,324.15,23
2259,CC1CCCC1C,155.55,9
3221,CCCC(O)CC(C)C,192.15,13
939,CCCCCCCCCCOC(=O)C,258.15,17
2432,O=C(C)C1=CC=CO1,306.15,15
1279,Brc1c(F)c(F)c(F)c(F)c1F,242.15,22
887,CCCCCCCC(=O)OC,466.05,14
1042,C1=CC2C=CC1C2,254.05,13
1950,ClCCOc1ccccc1,301.15,12
356,CCN(CC)c1cccc(O)c1,351.15,18
1403,CC(C)c1ccc2c(ccc3c(C)cccc23)c1,374.15,30
271,CCOC(=O)c1ccccc1N,286.15,17
837,S1CCCC1,177.05,7
927,SCCCCCCCC,223.95,9
2617,Clc1cc(Cl)c2ccccc2c1O,380.65,19
2509,CCCCc1ccc(O)cc1,295.15,15
2758,CN(C)CCOC(=O)C(=C)C,243.15,19
2068,C=CCCCCCCCCCCCCCC,277.25,17
1187,CCCNCCC,210.15,7
2065,CCCCCCCCCCCCCCC,283.05,15
1090,O=CCCC,174.15,6
2357,CCC(C)(CC)CC,182.25,12
2122,CCCCCCCCCCCCCCCCCCCCCCCCCCCCCC,338.95,30
1100,CCCCCCCCCCCCCC(=O)OCC,568.15,21
53,O=Cc1cccc2ccccc12,306.65,17
1553,O=COCC(C)C,177.35,10
1397,CC12CCC(CC1)C2(C)C,431.65,18
3048,Cc1ccc(C(=O)C)c(O)c1,294.15,20
2782,c1ccc(cc1)C2=CC=CN2,402.15,19
2935,COc1ccccc1c2ccccc2OC,428.15,20
1968,ClCCOC(=O)OCCCl,281.15,13
3075,N#CC(C)(C)C#N,304.65,13
1698,CCCC(O)(C)C,170.15,11
2864,CCC(O)C(C)(C)C,268.15,14
2623,Clc1ccc(cc1)c2ccccc2,351.95,19
457,ON=C(C)CC,243.65,9
3043,CCCCCCCCCCCC1CCCC1,263.15,18
2515,CCCCCCCCCCCCCC(O)C,308.15,18
2707,O=N(=O)c1ccccc1c2ccccc2N(=O)=O,399.15,30
1174,Nc1cccc(N)n1,394.65,12
1052,Clc1ccc(cc1)C(=O)Cl,289.15,17
2298,c1ccc(cc1)C=CC=Cc2ccccc2,425.15,24
1916,O=C(C)N1CCCCC1,259.75,14
831,C=COCC,157.35,6
779,Cc1cc(C)cc(C)c1,228.45,15
1317,Fc1cc(F)c(F)c(F)c1F,225.85,19
228,ClC(Cl)C(Cl)Cl,229.35,10
248,O=C1CCC(=O)N1c2ccccc2,429.15,21
2477,C[Si](C)(C)Oc1ccccc1,218.15,17
2770,OC(C)CCC(O)C,316.15,12
1253,n1cncnc1,359.15,8
1680,ClCc1ccc(Br)cc1,323.15,13
2219,O=C1OC(=O)C(C)=C1C,369.15,18
1825,CCOC(=O)c1ccccc1N(=O)=O,303.15,23
295,O=C(N)c1ccccc1N,383.65,15
1047,O=N(=O)c1ccc(C)c(Cl)c1,339.65,21
2799,CCCCCCC(C)C,192.85,11
90,ClCCl,178.05,3
662,CCCC(=O)OCCOC(=O)CCC,193.15,20
1912,OC(C)(C)c1ccccc1,309.15,16
2718,CCCCCCCNCCCCCCC,304.65,15
1159,O=C(C)OCc1ccccc1,221.85,16
1970,CCCCCCCC(=O)OCCC,226.95,16
2158,CCC=CC(C)(C)C,135.75,13
495,Cc1ccc(cc1)C(C)(C)C,221.15,19
2901,O=CN1CCOCC1,294.15,11
3204,O=C1C=C(C)C2CC1C2(C)C,282.95,21
2546,CCc1cc(C)ccc1C,219.45,14
1738,FC,131.35,2
2883,OP(O)C,233.14,6
2847,Clc1nc(Cl)cc(Cl)n1,295.65,15
2568,C1CCC(CC1)Nc2ccccc2,289.15,19
2649,COC(=O)c1ccc(OC)c(OC)c1,333.95,23
1650,Cc1ccc2cc(C)ccc2c1,385.15,18
1562,CCCCCC(O)C,243.0,10
605,c1ccc(cc1)N=Nc2ccccc2,341.15,21
817,ClCCCBr,214.25,5
2407,Cc1nc(C)c(C)nc1C,358.15,16
3191,Cc1cccc2C=COc12,382.15,15
1514,Cc1cccc(c1)C(C)C,209.45,16
810,OCCNC(C)C,401.65,9
1881,ClC1=Nc2ccccc2S1,297.15,15
868,ON=CCCC,243.65,7
1316,FC(=C(F)C(F)(F)F)C(F)(F)F,144.15,25
2230,C=Cc1c(C)cc(C)cc1C,236.15,18
3117,O=C1CC2(C)CCC1C2(C)C,459.65,20
1897,O=C1OC(=O)C(C)=C1,280.65,17
2636,CCCC(S)C,104.15,8
1787,c1ccc(cc1)c2c3ccccc3cc4ccccc24,429.15,30
2171,C=CC1CCCCC1,146.39,11
949,O=COCCCCCCCC,234.05,12
392,COC(=O)c1ccccc1,258.15,15
2214,O=CC1OC1,211.15,8
2498,Nc1ncccc1C,306.65,10
839,OC(C)(C)CCC(O)(C)C,365.15,18
402,O=C(C=Cc1ccccc1)c2ccccc2,330.65,24
2045,C1=CCCCCC1,217.15,10
1902,CC1=CC=NC1,224.75,10
150,O=C(Cl)C(Cl)(Cl)Cl,241.35,14
2943,Brc1ccc2cccnc2c1,307.15,15
3295,Brc1cc(C)cc(c1)N(=O)=O,356.15,21
1280,Clc1c(F)c(F)c(F)c(F)c1F,257.49,22
2086,O=CC(C)(C)C,279.15,11
429,Clc1ccc(N)c(C)c1,303.45,15
1743,CP(C)C,188.15,6
3067,c1ccc(cc1)N2C=NC=C2,286.15,19
2615,Clc1ccc2ccccc2c1Cl,309.15,16
2818,Cc1ncncc1,305.15,9
950,OCCOCCOCCCC,205.15,11
14,ClC(Cl)(Cl)Cl,250.15,9
1886,Brc1ccc(O)c(Br)c1,311.15,15
2776,N#CSCc1ccccc1,316.15,13
1183,CCCCCC(=O)Cl,186.15,11
2848,O=C1NCCCC1C,328.45,11
96,O1CC1,161.45,5
2895,CCCCCC1=CCCC1,190.15,13
2397,CCCCCCCCNCCCCCCCC,308.65,17
2536,O1CCN(CC1)CCN2CCOCC2,348.15,20
1200,FCC(=O)O,308.35,8
1366,O=Cc1ccccc1F,228.65,12
1118,CCCCOP(=O)(OCCCC)OCCCC,194.15,22
1211,CCC(C)CCC(O)(C)CC,205.65,17
2549,CC1CC=CC1,112.35,9
1288,Clc1ccc(F)cc1,246.35,12
2460,OCCCCCCCCCCCCCCCCC,326.95,18
1282,Fc1ccccc1I,231.65,10
1057,O=C(C)C=Cc1ccccc1,314.65,17
2365,N#CC#CC#N,293.65,9
2300,C#CC(C)(C)C,194.95,11
1008,O=C(O)c1ccccc1Cl,413.35,15
3119,O=C(O)C=CC(C)C,308.15,14
1531,CCCCCOC(=O)CCC,199.95,14
845,O=C(C)OCC(C)C,174.35,13
761,O=C1OCC(C)O1,224.35,12
2002,Ic1cccc(I)c1,313.55,12
2425,CC(C)CCCC(C)(C)C,168.15,16
1574,CC1CCCC2(C)CC3OC(=O)C(=C)C3C=C12,349.15,32
1443,O=C1CCCCCC1,252.15,11
1955,N#Cc1ccc(Cl)cc1,368.15,14
2319,COC1CCCCC1,198.75,10
3086,II,386.75,2
987,OCC(Cl)(Cl)Cl,292.15,10
2837,C=CN(=O)=O,217.65,10
1952,C=Cc1ccc(C)cc1,239.05,14
162,O=C1CC2CCC1(C)C2(C)C,453.15,20
2441,N#Cc1ccc(cc1)N(C)C,347.15,18
1241,C1CC2CCC1C2,360.65,11
2256,C=CCCCCCCCCC,223.95,12
1631,Cc1ccc2ccccc2c1C,274.75,16
2556,CCCCCCCCCCC1CCCCC1,271.45,18
1043,CN(C)c1ccccc1,275.65,13
2714,CCCCCCOC(=O)CC,215.65,14
1182,CCCCCCCCOC(=O)CC,230.55,16
894,BrCCCCCC,188.45,7
2254,OCC=CCO,298.15,7
2384,C[Si]C,123.15,3
459,C=CC(=O)OC,196.65,10
77,BrCBr,220.65,3
1603,BrC(Br)(Br)Br,363.25,9
1546,ClCC(=O)OC(=O)CCl,319.15,15
2411,CCCCOc1ccccc1,253.75,13
1535,ClCCC,150.35,4
1596,N#CSC,268.15,5
3257,CCCCCCCCCCCCCCCCCCCc1ccccc1,313.15,27
2456,C[Si](C)(C)[Si](C)(C)C,286.65,16
3264,BrCCCCCCC(=O)O,304.15,13
3026,O=Cc1cc(Cl)ccc1Cl,331.15,15
1029,COc1ccc(C)cc1N,326.15,14
2609,CCc1cc(C)cc(CC)c1,199.05,17
1506,BrCC(Br)CC,207.75,8
500,OC(C)c1ccccc1,293.15,13
324,Cc1cccc2ccccc12,242.75,15
94,CSC,174.85,3
863,OCCCCO,293.25,6
3188,CCC=C(C)C(=O)O,297.55,14
1023,O=C(OCc1ccccc1)c2ccccc2,294.15,23
1364,Fc1ccc(C)c(c1)N(=O)=O,300.15,21
841,O=C(C)CCC(C)C,199.15,13
2812,Brc1ccc(cc1)Sc2ccc(Br)cc2,388.15,23
1414,COc1cc(OC)c(cc1OC)C(=O)O,418.15,24
565,CSc1ccccc1,256.45,10
2081,CCCCCCCCCCCCCCCCCCCCCCCCCCCC,337.65,28
365,c1ccc(cc1)c2ccccc2,342.15,18
2716,COC(=O)c1ccncc1,289.25,15
441,Cc1ccc(Cl)c(N)c1,302.65,15
634,CCCCC(CO)CC,203.15,11
1394,CC(C)(C)C,256.55,9
643,COc1ccc(C)cc1,241.15,13
1901,CCN(C)CC,77.15,8
2465,CCCCCCCCCCCCCCc1ccccc1,289.15,22
2501,S1CCCCC1,292.15,8
82,ClCC,134.45,3
3289,CCOP(=O)(C)SCCN(C(C)C)C(C)C,234.15,27
821,NCCCN,261.15,5
433,Clc1ccc(C)c(Cl)c1,259.65,15
1395,CC(C)C(C)(C)C,248.15,13
2360,CC(C)CC(C)C(C)C,145.25,15
2922,COC(=O)c1ccc(C)cc1O,300.65,19
451,ClCC(Br)CBr,279.15,8
3125,CCC(C)=C(C)C,154.85,12
1611,C=CC(C)C,104.65,8
1565,CC(C)CCNCCC(C)C,229.15,15
722,C=COC,151.15,5
2155,CC=CC=CC(=O)OC,288.15,14
1147,Sc1ccccc1C,288.15,10
2937,OC1CCCC1C2CCCC2,293.15,15
1421,C1=CC=C(S1)C2=CC=CS2,306.15,20
3322,N#CC=C(Cl)C#N,333.65,12
534,COc1ccc(cc1)C(=O)C,311.65,18
2779,O=C(Cl)c1ccc(Cl)c(Cl)c1,298.15,20
1409,Oc1cccc(C)c1O,341.15,13
106,C=C(Cl)Cl,150.65,7
2315,CC1CC1C,132.25,7
1372,Cc1ccc(O)c(O)c1,338.15,15
3205,C=CCCCCCCCCCCCCCCCCC,296.15,20
979,CCCCCCCCCCCCCCCCCCCCCC(=O)O,693.15,27
3195,C#CC1(O)CCCC1,300.15,13
340,COc1ccccc1OC,295.65,12
962,COCCOCCOCCOC,228.15,12
526,Clc1ccc(cc1)C(=O)C,293.15,17
2238,O=N(=O)c1ccc(Cl)c(c1)C(F)(F)F,295.15,28
3160,CC(C)CC(C)(C)CC(C)(C)CC(C)(C)C,175.15,30
733,CC(C)(C)CC1(C)OC1,209.15,17
1508,COC(C)OC,159.95,8
1622,CCC(O)C(C)C,249.55,11
443,Clc1ccc(N)c(N)c1,349.15,15
1354,ClCC(Cl)F,213.15,7
862,O=CCCCC,181.65,7
1410,Cc1ccc(C)c(C)c1C,266.95,16
1357,ClC(F)C(Cl)F,171.95,10
1384,C#CC#C,236.75,6
1529,CCCCCOC(=O)CCCCC,226.15,16
1325,Fc1ccc(O)cc1,321.15,12
2927,CC1CSCC1,192.02,8
3187,COc1cccc(OC)c1C#N,392.15,17
1195,CCCCCCNCCCCCC,260.05,13
852,COCCOC(=O)C,203.15,11
3196,COc1ccc(C)c(c1)N(=O)=O,290.15,22
302,O=C(Cl)c1ccccc1C(=O)Cl,288.65,20
1627,Cc1ccc(C)c2ccccc12,280.75,18
1736,CCCCCCCCCCCCCCCCCC,301.35,18
1811,Brc1cccc(Br)c1N,360.65,13
2036,ClCCOCC,213.15,6
64,OCCCC,183.35,5
1533,CCC(=O)OCC(C)C,201.75,14
719,O=CCCl,256.85,5
1624,CC(C)C(C)C(C)C,163.95,14
1246,S1CCC1,199.95,6
999,O=N(=O)c1c(Cl)c(Cl)cc(Cl)c1Cl,372.65,25
1993,O=COC(C)C,193.15,9
2703,OCCCCCCC(C)C,337.65,12
3184,CC(C(C)(C)C)C(C)(C)C,234.45,20
1500,O=C1CCc2ccccc2C1,291.15,16
1509,CC1=CC=CO1,185.65,10
2378,CCCCCCc1ccccc1,212.15,14
280,ClC(Cl)=C(Cl)C(Cl)=C(Cl)Cl,252.15,20
278,Clc1cccc(Cl)c1O,341.65,13
2968,CCOc1ccc(Cl)cc1Cl,305.15,15
350,Nc1ccc2ccccc2c1,386.15,15
2016,CCOC(=O)CCCCC(=O)O,302.15,18
3292,COCC(C)N(C(=O)CCl)c1c(C)cccc1CC,211.05,30
1212,N1CC1,195.25,5
66,c1ccccc1,278.65,8
50,O=C(O)c1ccccc1,395.55,14
3142,COc1ccc(C(=O)C)c(OC)c1OC,288.95,24
411,c1ccc2SC=Cc2c1,305.15,14
690,COC(=O)CCC(=O)OC,292.15,16
1662,Brc1ccc(N)c(C)c1,332.65,15
2226,CC(C)Nc1ccccc1,263.15,14
535,COc1ccc(cc1)C(=O)Cl,297.65,18
2166,CC1=CCCC1,146.65,9
3083,N#CCc1ccc2ccccc2c1,356.15,18
2677,C#CCCCCCCCCC,248.15,12
2870,Cc1ccccc1Oc2ccccc2,294.85,18
670,CCCCC(=O)CC,234.15,11
2112,CCCC(I)C,223.15,8
736,CCCC(Br)C,177.65,8
3000,CCCCCCC(C)CC,188.35,12
1525,CC(C)Cc1ccccc1,221.75,14
3074,C=CCC=CC,134.45,8
43,NCCc1ccccc1,213.15,11
1659,Cc1ccc(N)c(Br)c1,299.15,15
168,ClC(c1ccccc1)(c2ccccc2)c3ccccc3,386.65,30
2858,CCOC(=O)C(C)(C)C,183.65,16
3149,O=C(c1ccncc1)c2ccccc2,345.15,21
2362,CC(C)(C)CC(C)(C)C,206.65,17
2345,NC1CCCC1,190.45,8
1527,CCOCc1ccccc1,275.65,12
491,Cc1cc(C)cc(c1)C(C)(C)C,255.15,22
2592,NCCCCCCCCCC,290.15,11
642,COc1ccc(Br)cc1,286.65,13
291,O=C(C)C1=CC=CS1,283.65,15
2666,Cc1cccc(c1O)C(C)(C)C,304.15,20
1988,N#CCC(C)C,172.15,9
2828,OCC(Cc1ccccc1)c2ccccc2,324.15,22
2959,CCOc1cccc2ccccc12,278.65,17
2261,Nc1cccc(N)c1C,379.15,13
3028,CC=Cc1ccccc1O,267.15,13
556,O=Cc1ccccc1,247.15,11
1059,c1ccc(cc1)OCC2OC2,276.65,17
2721,NCCCCCO,311.65,7
2366,CC(C)CCCC(C)C,170.25,13
1082,O=CNC,269.35,5
1816,CCOC(=O)C(=O)C(=O)OCC,243.15,21
536,COc1ccc(cc1)C(=O)O,458.15,18
1957,CNc1ccc(N)cc1,309.15,13
1297,ClC(F)C(Cl)(Cl)Cl,177.85,13
1040,CCN(CC)CC,158.45,9
2481,CSC(C)C,171.65,7
1528,CCCCC(=O)OCC,181.95,12
829,COCOC,168.35,5
2670,Nc1c(C)c(C)c(C)c(C)c1C,425.65,22
1162,CCCCOC(=O)CCC(=O)OCCCC,243.95,22
1727,CC=CC=CC,194.15,8
2336,O=C(O)c1ccccc1c2ccccc2,387.45,22
2500,C1CCC(CC1)C(C2CCCCC2)C3CCCCC3,321.15,29
1014,n1ccc2ccccc2c1,299.62,14
529,Nc1ccc(cc1)N(C)C,326.15,16
2349,O=C1C=C(C)OC(C)=C1,405.15,18
753,CC(C)NC(C)C,212.15,11
2671,O=C(C)OCC(=O)c1ccccc1,322.15,21
996,FC(F)=C(F)C(F)(F)F,116.65,18
2083,CCCCCCCCCCCCCCCCCCCCCCCCCCCCCCC,341.05,31
287,Cc1cc(C)c(N)c(C)c1,268.15,18
315,NCc1ccccc1C,243.15,11
1995,O=C(C)NC(=O)C,352.15,13
334,CNC(C)C(O)c1ccccc1,349.65,18
183,O=C1C=C(C)CC(C)(C)C1,265.05,20
2098,Brc1cc(Br)c(Br)c(Br)c1,372.65,18
2151,ClC(Br)C(Cl)Br,247.15,10
688,CC1NCC(C)NC1,389.15,12
42,CNC(=O)Oc1cccc2ccccc12,418.15,22
276,Clc1cccc(Cl)c1Cl,326.65,13
676,Cc1ccc(C)cc1,286.35,12
1857,c1ccc2cc(ccc2c1)c3ccc4ccccc4c3,461.45,30
1138,Clc1ccc(cc1)C(=O)c2ccccc2,350.65,24
750,O=C(C)CC(C)C,189.15,12
909,CCCCCCCC(=O)Cl,210.15,13
438,Cc1ccc(C)c(N)c1,288.65,15
492,Oc1ccc(cc1C)C(C)(C)C,300.65,20
1551,O=C1CCCCCCCC=CCCCCCCC1,305.65,22
2190,Cc1ccccc1Cc2ccccc2,279.75,18
707,ClCCBr,256.45,4
1573,N#CC(Cl)(Cl)Cl,231.15,11
1634,Cc1ccc2c(C)cccc2c1,256.25,18
3022,CCC(=O)c1ccc2ccccc2c1,333.15,21
1673,Brc1ccc(cc1)N(C)C,328.15,16
